[
  {
    "id" : "Hl7PlBaseIg",
    "type" : "ImplementationGuide",
    "url" : "http://hl7.org.pl/fhir/ig/pl-base/ImplementationGuide/Hl7PlBaseIg",
    "version" : "0.1.0",
    "name" : "hl7fhirplbaser4"
  },
  {
    "id" : "address-isoalpha3countrycode",
    "type" : "StructureDefinition",
    "url" : "http://hl7.org.pl/fhir/ig/pl-base/StructureDefinition/address-isoalpha3countrycode",
    "version" : "0.1.0",
    "name" : "IsoAlpha3CountryCode"
  },
  {
    "id" : "address-isonumericcountrycode",
    "type" : "StructureDefinition",
    "url" : "http://hl7.org.pl/fhir/ig/pl-base/StructureDefinition/address-isonumericcountrycode",
    "version" : "0.1.0",
    "name" : "IsoNumericCountryCode"
  },
  {
    "id" : "address-teryt",
    "type" : "StructureDefinition",
    "url" : "http://hl7.org.pl/fhir/ig/pl-base/StructureDefinition/address-teryt",
    "version" : "0.1.0",
    "name" : "Teryt"
  },
  {
    "id" : "composition-basedonorder",
    "type" : "StructureDefinition",
    "url" : "http://hl7.org.pl/fhir/ig/pl-base/StructureDefinition/composition-basedonorder",
    "version" : "0.1.0",
    "name" : "CompositionBasedOnOrder"
  },
  {
    "id" : "composition-informationrecipient",
    "type" : "StructureDefinition",
    "url" : "http://hl7.org.pl/fhir/ig/pl-base/StructureDefinition/composition-informationrecipient",
    "version" : "0.1.0",
    "name" : "CompositionInformationRecipient"
  },
  {
    "id" : "composition-payoridentifier",
    "type" : "StructureDefinition",
    "url" : "http://hl7.org.pl/fhir/ig/pl-base/StructureDefinition/composition-payoridentifier",
    "version" : "0.1.0",
    "name" : "CompositionPayorIdentifier"
  },
  {
    "id" : "composition-version",
    "type" : "StructureDefinition",
    "url" : "http://hl7.org.pl/fhir/ig/pl-base/StructureDefinition/composition-version",
    "version" : "0.1.0",
    "name" : "CompositionVersion"
  },
  {
    "id" : "pl-base-address",
    "type" : "StructureDefinition",
    "url" : "http://hl7.org.pl/fhir/ig/pl-base/StructureDefinition/pl-base-address",
    "version" : "0.1.0",
    "name" : "PLBaseAddress"
  },
  {
    "id" : "pl-base-composition",
    "type" : "StructureDefinition",
    "url" : "http://hl7.org.pl/fhir/ig/pl-base/StructureDefinition/pl-base-composition",
    "version" : "0.1.0",
    "name" : "PLBaseComposition"
  },
  {
    "id" : "pl-base-contract",
    "type" : "StructureDefinition",
    "url" : "http://hl7.org.pl/fhir/ig/pl-base/StructureDefinition/pl-base-contract",
    "version" : "0.1.0",
    "name" : "PLBaseContract"
  },
  {
    "id" : "pl-base-coverage",
    "type" : "StructureDefinition",
    "url" : "http://hl7.org.pl/fhir/ig/pl-base/StructureDefinition/pl-base-coverage",
    "version" : "0.1.0",
    "name" : "PLBaseCoverage"
  },
  {
    "id" : "pl-base-encounter",
    "type" : "StructureDefinition",
    "url" : "http://hl7.org.pl/fhir/ig/pl-base/StructureDefinition/pl-base-encounter",
    "version" : "0.1.0",
    "name" : "PLBaseEncounter"
  },
  {
    "id" : "pl-base-location",
    "type" : "StructureDefinition",
    "url" : "http://hl7.org.pl/fhir/ig/pl-base/StructureDefinition/pl-base-location",
    "version" : "0.1.0",
    "name" : "PLBaseLocation"
  },
  {
    "id" : "pl-base-location-medicalfacility",
    "type" : "StructureDefinition",
    "url" : "http://hl7.org.pl/fhir/ig/pl-base/StructureDefinition/pl-base-location-medicalfacility",
    "version" : "0.1.0",
    "name" : "PLBaseLocationMedicalFacility"
  },
  {
    "id" : "pl-base-location-medicalfacilitytype",
    "type" : "StructureDefinition",
    "url" : "http://hl7.org.pl/fhir/ig/pl-base/StructureDefinition/pl-base-location-medicalfacilitytype",
    "version" : "0.1.0",
    "name" : "PLBaseLocationMedicalFacilityType"
  },
  {
    "id" : "pl-base-organization",
    "type" : "StructureDefinition",
    "url" : "http://hl7.org.pl/fhir/ig/pl-base/StructureDefinition/pl-base-organization",
    "version" : "0.1.0",
    "name" : "PLBaseOrganization"
  },
  {
    "id" : "pl-base-organization-medicalentity",
    "type" : "StructureDefinition",
    "url" : "http://hl7.org.pl/fhir/ig/pl-base/StructureDefinition/pl-base-organization-medicalentity",
    "version" : "0.1.0",
    "name" : "PLBaseOrganizationMedicalEntity"
  },
  {
    "id" : "pl-base-organization-medicalentitycell",
    "type" : "StructureDefinition",
    "url" : "http://hl7.org.pl/fhir/ig/pl-base/StructureDefinition/pl-base-organization-medicalentitycell",
    "version" : "0.1.0",
    "name" : "PLBaseOrganizationMedicalEntityCell"
  },
  {
    "id" : "pl-base-organization-medicalentityunit",
    "type" : "StructureDefinition",
    "url" : "http://hl7.org.pl/fhir/ig/pl-base/StructureDefinition/pl-base-organization-medicalentityunit",
    "version" : "0.1.0",
    "name" : "PLBaseOrganizationMedicalEntityUnit"
  },
  {
    "id" : "pl-base-organization-medicalpracticeserviceentity",
    "type" : "StructureDefinition",
    "url" : "http://hl7.org.pl/fhir/ig/pl-base/StructureDefinition/pl-base-organization-medicalpracticeserviceentity",
    "version" : "0.1.0",
    "name" : "PLBaseOrganizationMedicalPracticeServiceEntity"
  },
  {
    "id" : "pl-base-organization-payor",
    "type" : "StructureDefinition",
    "url" : "http://hl7.org.pl/fhir/ig/pl-base/StructureDefinition/pl-base-organization-payor",
    "version" : "0.1.0",
    "name" : "PLBaseOrganizationPayor"
  },
  {
    "id" : "pl-base-organization-pharmacy",
    "type" : "StructureDefinition",
    "url" : "http://hl7.org.pl/fhir/ig/pl-base/StructureDefinition/pl-base-organization-pharmacy",
    "version" : "0.1.0",
    "name" : "PLBaseOrganizationPharmacy"
  },
  {
    "id" : "pl-base-patient",
    "type" : "StructureDefinition",
    "url" : "http://hl7.org.pl/fhir/ig/pl-base/StructureDefinition/pl-base-patient",
    "version" : "0.1.0",
    "name" : "PLBasePatient"
  },
  {
    "id" : "pl-base-practitioner",
    "type" : "StructureDefinition",
    "url" : "http://hl7.org.pl/fhir/ig/pl-base/StructureDefinition/pl-base-practitioner",
    "version" : "0.1.0",
    "name" : "PLBasePractitioner"
  },
  {
    "id" : "pl-base-practitionerole-documentauthor",
    "type" : "StructureDefinition",
    "url" : "http://hl7.org.pl/fhir/ig/pl-base/StructureDefinition/pl-base-practitionerole-documentauthor",
    "version" : "0.1.0",
    "name" : "PLBasePractitionerRoleDocumentAuthor"
  },
  {
    "id" : "pl-base-practitionerole-informationrecipient",
    "type" : "StructureDefinition",
    "url" : "http://hl7.org.pl/fhir/ig/pl-base/StructureDefinition/pl-base-practitionerole-informationrecipient",
    "version" : "0.1.0",
    "name" : "PLBasePractitionerRoleInformationRecipient"
  },
  {
    "id" : "pl-base-practitionerrole",
    "type" : "StructureDefinition",
    "url" : "http://hl7.org.pl/fhir/ig/pl-base/StructureDefinition/pl-base-practitionerrole",
    "version" : "0.1.0",
    "name" : "PLBasePractitionerRole"
  },
  {
    "id" : "pl-base-practitionerrole-servicerequester",
    "type" : "StructureDefinition",
    "url" : "http://hl7.org.pl/fhir/ig/pl-base/StructureDefinition/pl-base-practitionerrole-servicerequester",
    "version" : "0.1.0",
    "name" : "PLBasePractitionerRoleServiceRequester"
  },
  {
    "id" : "pl-base-reference-medicalentity",
    "type" : "StructureDefinition",
    "url" : "http://hl7.org.pl/fhir/ig/pl-base/StructureDefinition/pl-base-reference-medicalentity",
    "version" : "0.1.0",
    "name" : "PLBaseReferenceMedicalEntity"
  },
  {
    "id" : "pl-base-reference-medicalentitycompany",
    "type" : "StructureDefinition",
    "url" : "http://hl7.org.pl/fhir/ig/pl-base/StructureDefinition/pl-base-reference-medicalentitycompany",
    "version" : "0.1.0",
    "name" : "PLBaseReferenceMedicalEntityCompany"
  },
  {
    "id" : "pl-base-reference-medicalentityunit",
    "type" : "StructureDefinition",
    "url" : "http://hl7.org.pl/fhir/ig/pl-base/StructureDefinition/pl-base-reference-medicalentityunit",
    "version" : "0.1.0",
    "name" : "PLBaseReferenceMedicalEntityUnit"
  },
  {
    "id" : "pl-base-reference-medicalpractice",
    "type" : "StructureDefinition",
    "url" : "http://hl7.org.pl/fhir/ig/pl-base/StructureDefinition/pl-base-reference-medicalpractice",
    "version" : "0.1.0",
    "name" : "PLBaseReferenceMedicalPractice"
  },
  {
    "id" : "pl-base-servicerequest-order",
    "type" : "StructureDefinition",
    "url" : "http://hl7.org.pl/fhir/ig/pl-base/StructureDefinition/pl-base-servicerequest-order",
    "version" : "0.1.0",
    "name" : "PLBaseServiceRequestOrder"
  },
  {
    "id" : "practitionerrole-reimbursementcontractidentifier",
    "type" : "StructureDefinition",
    "url" : "http://hl7.org.pl/fhir/ig/pl-base/StructureDefinition/practitionerrole-reimbursementcontractidentifier",
    "version" : "0.1.0",
    "name" : "PractitionerRoleReimbursementContractIdentifier"
  },
  {
    "id" : "teryt-simc",
    "type" : "StructureDefinition",
    "url" : "http://hl7.org.pl/fhir/ig/pl-base/StructureDefinition/teryt-simc",
    "version" : "0.1.0",
    "name" : "SIMC"
  },
  {
    "id" : "teryt-terc",
    "type" : "StructureDefinition",
    "url" : "http://hl7.org.pl/fhir/ig/pl-base/StructureDefinition/teryt-terc",
    "version" : "0.1.0",
    "name" : "TERC"
  },
  {
    "id" : "pl-confidentiality",
    "type" : "ValueSet",
    "url" : "http://hl7.org.pl/fhir/ig/pl-base/ValueSet/pl-confidentiality",
    "version" : "0.1.0",
    "name" : "PLConfidentiality"
  },
  {
    "id" : "pl-discharge-disposition",
    "type" : "ValueSet",
    "url" : "http://hl7.org.pl/fhir/ig/pl-base/ValueSet/pl-discharge-disposition",
    "version" : "0.1.0",
    "name" : "PLDischargeDisposition"
  },
  {
    "id" : "pl-document-language",
    "type" : "ValueSet",
    "url" : "http://hl7.org.pl/fhir/ig/pl-base/ValueSet/pl-document-language",
    "version" : "0.1.0",
    "name" : "PLDocumentLanguage"
  },
  {
    "id" : "pl-organization-cell-type",
    "type" : "ValueSet",
    "url" : "http://hl7.org.pl/fhir/ig/pl-base/ValueSet/pl-organization-cell-type",
    "version" : "0.1.0",
    "name" : "PLOrganizationCellType"
  },
  {
    "id" : "pl-p1-document-class-type",
    "type" : "ValueSet",
    "url" : "http://hl7.org.pl/fhir/ig/pl-base/ValueSet/pl-p1-document-class-type",
    "version" : "0.1.0",
    "name" : "PLP1DocumentClassType"
  },
  {
    "id" : "pl-practitioner-role",
    "type" : "ValueSet",
    "url" : "http://hl7.org.pl/fhir/ig/pl-base/ValueSet/pl-practitioner-role",
    "version" : "0.1.0",
    "name" : "PLPractitionerRole"
  },
  {
    "id" : "pl-practitioner-specialty",
    "type" : "ValueSet",
    "url" : "http://hl7.org.pl/fhir/ig/pl-base/ValueSet/pl-practitioner-specialty",
    "version" : "0.1.0",
    "name" : "PLPractitionerSpecialty"
  },
  {
    "id" : "pl-service-event-type",
    "type" : "ValueSet",
    "url" : "http://hl7.org.pl/fhir/ig/pl-base/ValueSet/pl-service-event-type",
    "version" : "0.1.0",
    "name" : "PLServiceEventType"
  }
]
