{
  "date" : "Tue, 17 Jun, 2025 16:22:50 +0200",
  "doco" : "For each file: start is seconds after start activity occurred. Length = milliseconds activity took",
  "files" : [
    {
      "name" : "/fsh-generated/resources/ImplementationGuide-Hl7PlBaseIg.json",
      "size" : 13167,
      "processes" : [
        {
          "activity" : "load",
          "start" : 27,
          "length" : 6
        },
        {
          "activity" : "checkR4R4B",
          "start" : 29,
          "length" : 16
        },
        {
          "activity" : "generateNarratives",
          "start" : 29,
          "length" : 49
        },
        {
          "activity" : "validate",
          "start" : 64,
          "length" : 19191
        },
        {
          "activity" : "scanForUsageStats",
          "start" : 83,
          "length" : 1
        },
        {
          "activity" : "generate1",
          "start" : 84,
          "length" : 78
        },
        {
          "activity" : "generate2",
          "start" : 102,
          "length" : 196
        },
        {
          "activity" : "generate2",
          "start" : 119,
          "length" : 1
        },
        {
          "activity" : "generateValidationPack",
          "start" : 151,
          "length" : 29
        },
        {
          "activity" : "scanExamplesForR5",
          "start" : 185,
          "length" : 22
        }
      ]
    },
    {
      "name" : "fsh-generated/resources/StructureDefinition-address-isoalpha3countrycode.json",
      "size" : 1479,
      "processes" : [
        {
          "activity" : "loadResources",
          "start" : 27,
          "length" : 3
        },
        {
          "activity" : "load",
          "start" : 27,
          "length" : 5
        },
        {
          "activity" : "generateSnapshots",
          "start" : 27,
          "length" : 7
        },
        {
          "activity" : "load-configure",
          "start" : 29,
          "length" : 5
        },
        {
          "activity" : "checkR4R4B",
          "start" : 29,
          "length" : 1
        },
        {
          "activity" : "generateNarratives",
          "start" : 29,
          "length" : 23
        },
        {
          "activity" : "validate",
          "start" : 44,
          "length" : 252
        },
        {
          "activity" : "validate",
          "start" : 64,
          "length" : 1
        },
        {
          "activity" : "checkConformanceResources",
          "start" : 83,
          "length" : 4
        },
        {
          "activity" : "generateLogicalMaps",
          "start" : 83,
          "length" : 1
        },
        {
          "activity" : "generate1",
          "start" : 84,
          "length" : 41
        },
        {
          "activity" : "generate2",
          "start" : 102,
          "length" : 248
        },
        {
          "activity" : "generate2",
          "start" : 119,
          "length" : 2019
        },
        {
          "activity" : "makeDependencies",
          "start" : 135,
          "length" : 1
        },
        {
          "activity" : "generateExampleZip",
          "start" : 151,
          "length" : 2
        },
        {
          "activity" : "generateValidationPack",
          "start" : 151,
          "length" : 8
        },
        {
          "activity" : "scanProfilesForR5",
          "start" : 185,
          "length" : 3
        },
        {
          "activity" : "scanExamplesForR5",
          "start" : 185,
          "length" : 4
        }
      ]
    },
    {
      "name" : "fsh-generated/resources/StructureDefinition-address-isonumericcountrycode.json",
      "size" : 1479,
      "processes" : [
        {
          "activity" : "loadResources",
          "start" : 27,
          "length" : 3
        },
        {
          "activity" : "load",
          "start" : 27,
          "length" : 3
        },
        {
          "activity" : "generateSnapshots",
          "start" : 27,
          "length" : 9
        },
        {
          "activity" : "generateNarratives",
          "start" : 29,
          "length" : 7
        },
        {
          "activity" : "validate",
          "start" : 44,
          "length" : 65
        },
        {
          "activity" : "scanForUsageStats",
          "start" : 83,
          "length" : 1
        },
        {
          "activity" : "generate1",
          "start" : 84,
          "length" : 42
        },
        {
          "activity" : "generate2",
          "start" : 102,
          "length" : 114
        },
        {
          "activity" : "generate2",
          "start" : 121,
          "length" : 47
        },
        {
          "activity" : "generateValidationPack",
          "start" : 151,
          "length" : 3
        },
        {
          "activity" : "scanExamplesForR5",
          "start" : 185,
          "length" : 3
        }
      ]
    },
    {
      "name" : "fsh-generated/resources/StructureDefinition-address-teryt.json",
      "size" : 1936,
      "processes" : [
        {
          "activity" : "loadResources",
          "start" : 27,
          "length" : 2
        },
        {
          "activity" : "load",
          "start" : 27,
          "length" : 3
        },
        {
          "activity" : "generateSnapshots",
          "start" : 27,
          "length" : 25
        },
        {
          "activity" : "load-configure",
          "start" : 29,
          "length" : 1
        },
        {
          "activity" : "generateNarratives",
          "start" : 29,
          "length" : 11
        },
        {
          "activity" : "validate",
          "start" : 44,
          "length" : 197
        },
        {
          "activity" : "checkConformanceResources",
          "start" : 83,
          "length" : 2
        },
        {
          "activity" : "generate1",
          "start" : 84,
          "length" : 54
        },
        {
          "activity" : "generate2",
          "start" : 102,
          "length" : 117
        },
        {
          "activity" : "generate2",
          "start" : 121,
          "length" : 42
        },
        {
          "activity" : "generateLogicals",
          "start" : 132,
          "length" : 1
        },
        {
          "activity" : "makeDependencies",
          "start" : 135,
          "length" : 1
        },
        {
          "activity" : "generateValidationPack",
          "start" : 151,
          "length" : 7
        },
        {
          "activity" : "scanExamplesForR5",
          "start" : 185,
          "length" : 6
        }
      ]
    },
    {
      "name" : "fsh-generated/resources/StructureDefinition-composition-basedonorder.json",
      "size" : 1521,
      "processes" : [
        {
          "activity" : "loadResources",
          "start" : 27,
          "length" : 2
        },
        {
          "activity" : "load",
          "start" : 27,
          "length" : 3
        },
        {
          "activity" : "generateSnapshots",
          "start" : 27,
          "length" : 12
        },
        {
          "activity" : "generateNarratives",
          "start" : 29,
          "length" : 7
        },
        {
          "activity" : "validate",
          "start" : 45,
          "length" : 72
        },
        {
          "activity" : "generate1",
          "start" : 84,
          "length" : 108
        },
        {
          "activity" : "generate2",
          "start" : 102,
          "length" : 81
        },
        {
          "activity" : "generate2",
          "start" : 121,
          "length" : 23
        },
        {
          "activity" : "generateValidationPack",
          "start" : 151,
          "length" : 4
        },
        {
          "activity" : "scanExamplesForR5",
          "start" : 185,
          "length" : 6
        }
      ]
    },
    {
      "name" : "fsh-generated/resources/StructureDefinition-composition-informationrecipient.json",
      "size" : 1573,
      "processes" : [
        {
          "activity" : "loadResources",
          "start" : 27,
          "length" : 2
        },
        {
          "activity" : "load",
          "start" : 27,
          "length" : 3
        },
        {
          "activity" : "generateSnapshots",
          "start" : 27,
          "length" : 13
        },
        {
          "activity" : "generateNarratives",
          "start" : 29,
          "length" : 4
        },
        {
          "activity" : "validate",
          "start" : 45,
          "length" : 58
        },
        {
          "activity" : "generate1",
          "start" : 84,
          "length" : 64
        },
        {
          "activity" : "generate2",
          "start" : 102,
          "length" : 127
        },
        {
          "activity" : "generate2",
          "start" : 121,
          "length" : 25
        },
        {
          "activity" : "generateValidationPack",
          "start" : 151,
          "length" : 2
        },
        {
          "activity" : "scanExamplesForR5",
          "start" : 185,
          "length" : 1
        }
      ]
    },
    {
      "name" : "fsh-generated/resources/StructureDefinition-composition-payoridentifier.json",
      "size" : 3971,
      "processes" : [
        {
          "activity" : "loadResources",
          "start" : 27,
          "length" : 2
        },
        {
          "activity" : "load",
          "start" : 27,
          "length" : 4
        },
        {
          "activity" : "generateSnapshots",
          "start" : 27,
          "length" : 20
        },
        {
          "activity" : "generateNarratives",
          "start" : 29,
          "length" : 231
        },
        {
          "activity" : "validate",
          "start" : 45,
          "length" : 393
        },
        {
          "activity" : "checkConformanceResources",
          "start" : 83,
          "length" : 1
        },
        {
          "activity" : "scanForUsageStats",
          "start" : 83,
          "length" : 1
        },
        {
          "activity" : "generate1",
          "start" : 84,
          "length" : 173
        },
        {
          "activity" : "generate2",
          "start" : 102,
          "length" : 315
        },
        {
          "activity" : "generate2",
          "start" : 121,
          "length" : 132
        },
        {
          "activity" : "generateValidationPack",
          "start" : 151,
          "length" : 19
        },
        {
          "activity" : "scanExamplesForR5",
          "start" : 185,
          "length" : 3
        }
      ]
    },
    {
      "name" : "fsh-generated/resources/StructureDefinition-composition-version.json",
      "size" : 1273,
      "processes" : [
        {
          "activity" : "loadResources",
          "start" : 27,
          "length" : 2
        },
        {
          "activity" : "load",
          "start" : 27,
          "length" : 1
        },
        {
          "activity" : "load",
          "start" : 27,
          "length" : 2
        },
        {
          "activity" : "generateSnapshots",
          "start" : 27,
          "length" : 27
        },
        {
          "activity" : "generateNarratives",
          "start" : 29,
          "length" : 7
        },
        {
          "activity" : "validate",
          "start" : 45,
          "length" : 115
        },
        {
          "activity" : "generate1",
          "start" : 84,
          "length" : 36
        },
        {
          "activity" : "generate2",
          "start" : 103,
          "length" : 112
        },
        {
          "activity" : "generate2",
          "start" : 121,
          "length" : 22
        },
        {
          "activity" : "generateValidationPack",
          "start" : 151,
          "length" : 12
        },
        {
          "activity" : "scanProfilesForR5",
          "start" : 185,
          "length" : 1
        },
        {
          "activity" : "scanExamplesForR5",
          "start" : 185,
          "length" : 2
        }
      ]
    },
    {
      "name" : "fsh-generated/resources/StructureDefinition-pl-base-address.json",
      "size" : 2245,
      "processes" : [
        {
          "activity" : "loadResources",
          "start" : 27,
          "length" : 2
        },
        {
          "activity" : "load",
          "start" : 27,
          "length" : 2
        },
        {
          "activity" : "generateSnapshots",
          "start" : 27,
          "length" : 20
        },
        {
          "activity" : "generateNarratives",
          "start" : 29,
          "length" : 20
        },
        {
          "activity" : "validate",
          "start" : 45,
          "length" : 420
        },
        {
          "activity" : "scanForUsageStats",
          "start" : 83,
          "length" : 1
        },
        {
          "activity" : "generate1",
          "start" : 84,
          "length" : 90
        },
        {
          "activity" : "generate2",
          "start" : 103,
          "length" : 186
        },
        {
          "activity" : "generate2",
          "start" : 121,
          "length" : 88
        },
        {
          "activity" : "generateValidationPack",
          "start" : 151,
          "length" : 9
        },
        {
          "activity" : "scanExamplesForR5",
          "start" : 185,
          "length" : 3
        }
      ]
    },
    {
      "name" : "fsh-generated/resources/StructureDefinition-pl-base-composition.json",
      "size" : 9613,
      "processes" : [
        {
          "activity" : "loadResources",
          "start" : 27,
          "length" : 37
        },
        {
          "activity" : "load",
          "start" : 27,
          "length" : 6
        },
        {
          "activity" : "generateSnapshots",
          "start" : 28,
          "length" : 334
        },
        {
          "activity" : "generateNarratives",
          "start" : 29,
          "length" : 81
        },
        {
          "activity" : "validate",
          "start" : 46,
          "length" : 658
        },
        {
          "activity" : "checkConformanceResources",
          "start" : 83,
          "length" : 1
        },
        {
          "activity" : "scanForUsageStats",
          "start" : 83,
          "length" : 5
        },
        {
          "activity" : "generate1",
          "start" : 84,
          "length" : 281
        },
        {
          "activity" : "generate2",
          "start" : 103,
          "length" : 536
        },
        {
          "activity" : "generate2",
          "start" : 121,
          "length" : 275
        },
        {
          "activity" : "generateValidationPack",
          "start" : 151,
          "length" : 31
        },
        {
          "activity" : "scanProfilesForR5",
          "start" : 185,
          "length" : 1
        },
        {
          "activity" : "scanExamplesForR5",
          "start" : 185,
          "length" : 13
        }
      ]
    },
    {
      "name" : "fsh-generated/resources/StructureDefinition-pl-base-contract.json",
      "size" : 644,
      "processes" : [
        {
          "activity" : "loadResources",
          "start" : 27,
          "length" : 2
        },
        {
          "activity" : "load",
          "start" : 27,
          "length" : 3
        },
        {
          "activity" : "generateSnapshots",
          "start" : 28,
          "length" : 111
        },
        {
          "activity" : "generateNarratives",
          "start" : 29,
          "length" : 43
        },
        {
          "activity" : "validate",
          "start" : 46,
          "length" : 1505
        },
        {
          "activity" : "checkConformanceResources",
          "start" : 83,
          "length" : 16
        },
        {
          "activity" : "scanForUsageStats",
          "start" : 83,
          "length" : 5
        },
        {
          "activity" : "generate1",
          "start" : 85,
          "length" : 381
        },
        {
          "activity" : "generate2",
          "start" : 104,
          "length" : 697
        },
        {
          "activity" : "generate2",
          "start" : 121,
          "length" : 766
        },
        {
          "activity" : "generateValidationPack",
          "start" : 151,
          "length" : 17
        },
        {
          "activity" : "scanProfilesForR5",
          "start" : 185,
          "length" : 2
        },
        {
          "activity" : "scanExamplesForR5",
          "start" : 185,
          "length" : 31
        }
      ]
    },
    {
      "name" : "fsh-generated/resources/StructureDefinition-pl-base-coverage.json",
      "size" : 1621,
      "processes" : [
        {
          "activity" : "loadResources",
          "start" : 27,
          "length" : 3
        },
        {
          "activity" : "load",
          "start" : 27,
          "length" : 2
        },
        {
          "activity" : "generateSnapshots",
          "start" : 28,
          "length" : 50
        },
        {
          "activity" : "load-configure",
          "start" : 29,
          "length" : 1
        },
        {
          "activity" : "generateNarratives",
          "start" : 29,
          "length" : 13
        },
        {
          "activity" : "validate",
          "start" : 48,
          "length" : 327
        },
        {
          "activity" : "checkConformanceResources",
          "start" : 83,
          "length" : 1
        },
        {
          "activity" : "scanForUsageStats",
          "start" : 83,
          "length" : 1
        },
        {
          "activity" : "generate1",
          "start" : 85,
          "length" : 136
        },
        {
          "activity" : "generate2",
          "start" : 104,
          "length" : 432
        },
        {
          "activity" : "generate2",
          "start" : 122,
          "length" : 123
        },
        {
          "activity" : "generateValidationPack",
          "start" : 151,
          "length" : 8
        },
        {
          "activity" : "scanExamplesForR5",
          "start" : 185,
          "length" : 5
        }
      ]
    },
    {
      "name" : "fsh-generated/resources/StructureDefinition-pl-base-encounter.json",
      "size" : 1441,
      "processes" : [
        {
          "activity" : "loadResources",
          "start" : 27,
          "length" : 2
        },
        {
          "activity" : "load",
          "start" : 27,
          "length" : 2
        },
        {
          "activity" : "generateSnapshots",
          "start" : 28,
          "length" : 32
        },
        {
          "activity" : "generateNarratives",
          "start" : 29,
          "length" : 35
        },
        {
          "activity" : "validate",
          "start" : 48,
          "length" : 699
        },
        {
          "activity" : "checkConformanceResources",
          "start" : 83,
          "length" : 1
        },
        {
          "activity" : "scanForUsageStats",
          "start" : 83,
          "length" : 1
        },
        {
          "activity" : "generate1",
          "start" : 85,
          "length" : 208
        },
        {
          "activity" : "generate2",
          "start" : 105,
          "length" : 389
        },
        {
          "activity" : "generate2",
          "start" : 122,
          "length" : 161
        },
        {
          "activity" : "makeDependencies",
          "start" : 135,
          "length" : 1
        },
        {
          "activity" : "generateValidationPack",
          "start" : 151,
          "length" : 9
        },
        {
          "activity" : "scanProfilesForR5",
          "start" : 185,
          "length" : 1
        },
        {
          "activity" : "scanExamplesForR5",
          "start" : 185,
          "length" : 9
        }
      ]
    },
    {
      "name" : "fsh-generated/resources/StructureDefinition-pl-base-location-medicalfacility.json",
      "size" : 2616,
      "processes" : [
        {
          "activity" : "loadResources",
          "start" : 27,
          "length" : 2
        },
        {
          "activity" : "load",
          "start" : 27,
          "length" : 3
        },
        {
          "activity" : "generateSnapshots",
          "start" : 28,
          "length" : 60
        },
        {
          "activity" : "generateNarratives",
          "start" : 29,
          "length" : 28
        },
        {
          "activity" : "validate",
          "start" : 49,
          "length" : 1964
        },
        {
          "activity" : "checkConformanceResources",
          "start" : 83,
          "length" : 1
        },
        {
          "activity" : "scanForUsageStats",
          "start" : 83,
          "length" : 1
        },
        {
          "activity" : "generate1",
          "start" : 85,
          "length" : 171
        },
        {
          "activity" : "generate2",
          "start" : 105,
          "length" : 254
        },
        {
          "activity" : "generate2",
          "start" : 122,
          "length" : 135
        },
        {
          "activity" : "generateValidationPack",
          "start" : 151,
          "length" : 10
        },
        {
          "activity" : "scanProfilesForR5",
          "start" : 185,
          "length" : 2
        },
        {
          "activity" : "scanExamplesForR5",
          "start" : 185,
          "length" : 2
        }
      ]
    },
    {
      "name" : "fsh-generated/resources/StructureDefinition-pl-base-location-medicalfacilitytype.json",
      "size" : 1264,
      "processes" : [
        {
          "activity" : "loadResources",
          "start" : 27,
          "length" : 2
        },
        {
          "activity" : "load",
          "start" : 27,
          "length" : 3
        },
        {
          "activity" : "generateSnapshots",
          "start" : 28,
          "length" : 36
        },
        {
          "activity" : "generateNarratives",
          "start" : 29,
          "length" : 14
        },
        {
          "activity" : "validate",
          "start" : 51,
          "length" : 335
        },
        {
          "activity" : "validate",
          "start" : 83,
          "length" : 1
        },
        {
          "activity" : "scanForUsageStats",
          "start" : 83,
          "length" : 1
        },
        {
          "activity" : "generate1",
          "start" : 86,
          "length" : 97
        },
        {
          "activity" : "generate2",
          "start" : 105,
          "length" : 160
        },
        {
          "activity" : "generate2",
          "start" : 123,
          "length" : 95
        },
        {
          "activity" : "generateValidationPack",
          "start" : 152,
          "length" : 8
        },
        {
          "activity" : "scanProfilesForR5",
          "start" : 185,
          "length" : 1
        },
        {
          "activity" : "scanExamplesForR5",
          "start" : 185,
          "length" : 1
        }
      ]
    },
    {
      "name" : "fsh-generated/resources/StructureDefinition-pl-base-location.json",
      "size" : 1649,
      "processes" : [
        {
          "activity" : "loadResources",
          "start" : 27,
          "length" : 3
        },
        {
          "activity" : "load",
          "start" : 27,
          "length" : 2
        },
        {
          "activity" : "generateNarratives",
          "start" : 29,
          "length" : 10
        },
        {
          "activity" : "validate",
          "start" : 51,
          "length" : 562
        },
        {
          "activity" : "checkConformanceResources",
          "start" : 83,
          "length" : 2
        },
        {
          "activity" : "scanForUsageStats",
          "start" : 83,
          "length" : 2
        },
        {
          "activity" : "generate1",
          "start" : 86,
          "length" : 104
        },
        {
          "activity" : "generate2",
          "start" : 106,
          "length" : 128
        },
        {
          "activity" : "generate2",
          "start" : 123,
          "length" : 82
        },
        {
          "activity" : "generateValidationPack",
          "start" : 152,
          "length" : 8
        },
        {
          "activity" : "scanExamplesForR5",
          "start" : 185,
          "length" : 6
        }
      ]
    },
    {
      "name" : "fsh-generated/resources/StructureDefinition-pl-base-organization-medicalentity.json",
      "size" : 1393,
      "processes" : [
        {
          "activity" : "loadResources",
          "start" : 27,
          "length" : 2
        },
        {
          "activity" : "load",
          "start" : 27,
          "length" : 2
        },
        {
          "activity" : "generateSnapshots",
          "start" : 28,
          "length" : 82
        },
        {
          "activity" : "generateNarratives",
          "start" : 29,
          "length" : 13
        },
        {
          "activity" : "validate",
          "start" : 52,
          "length" : 536
        },
        {
          "activity" : "validate",
          "start" : 83,
          "length" : 1
        },
        {
          "activity" : "scanForUsageStats",
          "start" : 83,
          "length" : 5
        },
        {
          "activity" : "generate1",
          "start" : 86,
          "length" : 101
        },
        {
          "activity" : "generate2",
          "start" : 106,
          "length" : 129
        },
        {
          "activity" : "generate2",
          "start" : 123,
          "length" : 74
        },
        {
          "activity" : "generateValidationPack",
          "start" : 152,
          "length" : 7
        },
        {
          "activity" : "scanProfilesForR5",
          "start" : 185,
          "length" : 3
        },
        {
          "activity" : "scanExamplesForR5",
          "start" : 185,
          "length" : 2
        }
      ]
    },
    {
      "name" : "fsh-generated/resources/StructureDefinition-pl-base-organization-medicalentitycell.json",
      "size" : 2732,
      "processes" : [
        {
          "activity" : "loadResources",
          "start" : 27,
          "length" : 2
        },
        {
          "activity" : "load",
          "start" : 27,
          "length" : 4
        },
        {
          "activity" : "generateSnapshots",
          "start" : 28,
          "length" : 34
        },
        {
          "activity" : "generateNarratives",
          "start" : 29,
          "length" : 15
        },
        {
          "activity" : "validate",
          "start" : 52,
          "length" : 500
        },
        {
          "activity" : "checkConformanceResources",
          "start" : 83,
          "length" : 1
        },
        {
          "activity" : "scanForUsageStats",
          "start" : 83,
          "length" : 3
        },
        {
          "activity" : "generate1",
          "start" : 86,
          "length" : 109
        },
        {
          "activity" : "generate2",
          "start" : 106,
          "length" : 269
        },
        {
          "activity" : "generate2",
          "start" : 123,
          "length" : 115
        },
        {
          "activity" : "generateValidationPack",
          "start" : 152,
          "length" : 6
        },
        {
          "activity" : "scanProfilesForR5",
          "start" : 185,
          "length" : 1
        },
        {
          "activity" : "scanExamplesForR5",
          "start" : 185,
          "length" : 3
        }
      ]
    },
    {
      "name" : "fsh-generated/resources/StructureDefinition-pl-base-organization-medicalentityunit.json",
      "size" : 2733,
      "processes" : [
        {
          "activity" : "loadResources",
          "start" : 27,
          "length" : 2
        },
        {
          "activity" : "load",
          "start" : 27,
          "length" : 3
        },
        {
          "activity" : "generateSnapshots",
          "start" : 28,
          "length" : 15
        },
        {
          "activity" : "load-configure",
          "start" : 29,
          "length" : 1
        },
        {
          "activity" : "generateNarratives",
          "start" : 29,
          "length" : 15
        },
        {
          "activity" : "validate",
          "start" : 53,
          "length" : 261
        },
        {
          "activity" : "validate",
          "start" : 83,
          "length" : 1
        },
        {
          "activity" : "scanForUsageStats",
          "start" : 83,
          "length" : 1
        },
        {
          "activity" : "generate1",
          "start" : 86,
          "length" : 114
        },
        {
          "activity" : "generate2",
          "start" : 106,
          "length" : 207
        },
        {
          "activity" : "generate2",
          "start" : 123,
          "length" : 102
        },
        {
          "activity" : "generateValidationPack",
          "start" : 152,
          "length" : 9
        },
        {
          "activity" : "scanProfilesForR5",
          "start" : 185,
          "length" : 1
        },
        {
          "activity" : "scanExamplesForR5",
          "start" : 185,
          "length" : 9
        }
      ]
    },
    {
      "name" : "fsh-generated/resources/StructureDefinition-pl-base-organization-medicalpracticeserviceentity.json",
      "size" : 45153,
      "processes" : [
        {
          "activity" : "loadResources",
          "start" : 27,
          "length" : 6
        },
        {
          "activity" : "load",
          "start" : 27,
          "length" : 15
        },
        {
          "activity" : "generateSnapshots",
          "start" : 28,
          "length" : 120
        },
        {
          "activity" : "checkR4R4B",
          "start" : 29,
          "length" : 1
        },
        {
          "activity" : "generateNarratives",
          "start" : 30,
          "length" : 449
        },
        {
          "activity" : "validate",
          "start" : 53,
          "length" : 5297
        },
        {
          "activity" : "checkConformanceResources",
          "start" : 83,
          "length" : 3
        },
        {
          "activity" : "scanForUsageStats",
          "start" : 83,
          "length" : 29
        },
        {
          "activity" : "generate1",
          "start" : 86,
          "length" : 2593
        },
        {
          "activity" : "generate2",
          "start" : 106,
          "length" : 2872
        },
        {
          "activity" : "generate2",
          "start" : 123,
          "length" : 1692
        },
        {
          "activity" : "generateValidationPack",
          "start" : 152,
          "length" : 98
        },
        {
          "activity" : "scanProfilesForR5",
          "start" : 185,
          "length" : 11
        },
        {
          "activity" : "scanExamplesForR5",
          "start" : 185,
          "length" : 30
        }
      ]
    },
    {
      "name" : "fsh-generated/resources/StructureDefinition-pl-base-organization-payor.json",
      "size" : 692,
      "processes" : [
        {
          "activity" : "loadResources",
          "start" : 27,
          "length" : 2
        },
        {
          "activity" : "load",
          "start" : 27,
          "length" : 3
        },
        {
          "activity" : "generateSnapshots",
          "start" : 28,
          "length" : 9
        },
        {
          "activity" : "scan",
          "start" : 29,
          "length" : 1
        },
        {
          "activity" : "generateNarratives",
          "start" : 30,
          "length" : 46
        },
        {
          "activity" : "validate",
          "start" : 58,
          "length" : 538
        },
        {
          "activity" : "generate1",
          "start" : 89,
          "length" : 110
        },
        {
          "activity" : "generate2",
          "start" : 109,
          "length" : 111
        },
        {
          "activity" : "generate2",
          "start" : 125,
          "length" : 86
        },
        {
          "activity" : "generateValidationPack",
          "start" : 152,
          "length" : 3
        },
        {
          "activity" : "scanProfilesForR5",
          "start" : 185,
          "length" : 42
        },
        {
          "activity" : "scanExamplesForR5",
          "start" : 185,
          "length" : 1
        }
      ]
    },
    {
      "name" : "fsh-generated/resources/StructureDefinition-pl-base-organization-pharmacy.json",
      "size" : 1439,
      "processes" : [
        {
          "activity" : "loadResources",
          "start" : 27,
          "length" : 2
        },
        {
          "activity" : "load",
          "start" : 27,
          "length" : 3
        },
        {
          "activity" : "generateSnapshots",
          "start" : 28,
          "length" : 8
        },
        {
          "activity" : "generateNarratives",
          "start" : 30,
          "length" : 38
        },
        {
          "activity" : "validate",
          "start" : 59,
          "length" : 461
        },
        {
          "activity" : "scanForUsageStats",
          "start" : 83,
          "length" : 1
        },
        {
          "activity" : "generate1",
          "start" : 89,
          "length" : 125
        },
        {
          "activity" : "generate2",
          "start" : 109,
          "length" : 163
        },
        {
          "activity" : "generate2",
          "start" : 125,
          "length" : 158
        },
        {
          "activity" : "generateValidationPack",
          "start" : 152,
          "length" : 7
        },
        {
          "activity" : "scanProfilesForR5",
          "start" : 185,
          "length" : 1
        },
        {
          "activity" : "scanExamplesForR5",
          "start" : 185,
          "length" : 2
        }
      ]
    },
    {
      "name" : "fsh-generated/resources/StructureDefinition-pl-base-organization.json",
      "size" : 1775,
      "processes" : [
        {
          "activity" : "loadResources",
          "start" : 27,
          "length" : 1
        },
        {
          "activity" : "load",
          "start" : 27,
          "length" : 2
        },
        {
          "activity" : "generateNarratives",
          "start" : 30,
          "length" : 16
        },
        {
          "activity" : "validate",
          "start" : 59,
          "length" : 399
        },
        {
          "activity" : "generate1",
          "start" : 89,
          "length" : 135
        },
        {
          "activity" : "generate2",
          "start" : 109,
          "length" : 164
        },
        {
          "activity" : "generate2",
          "start" : 125,
          "length" : 68
        },
        {
          "activity" : "generateValidationPack",
          "start" : 152,
          "length" : 3
        },
        {
          "activity" : "scanExamplesForR5",
          "start" : 185,
          "length" : 1
        }
      ]
    },
    {
      "name" : "fsh-generated/resources/StructureDefinition-pl-base-patient.json",
      "size" : 3256,
      "processes" : [
        {
          "activity" : "loadResources",
          "start" : 27,
          "length" : 2
        },
        {
          "activity" : "load",
          "start" : 27,
          "length" : 3
        },
        {
          "activity" : "generateSnapshots",
          "start" : 28,
          "length" : 10
        },
        {
          "activity" : "generateNarratives",
          "start" : 30,
          "length" : 19
        },
        {
          "activity" : "validate",
          "start" : 60,
          "length" : 516
        },
        {
          "activity" : "checkConformanceResources",
          "start" : 83,
          "length" : 1
        },
        {
          "activity" : "scanForUsageStats",
          "start" : 83,
          "length" : 2
        },
        {
          "activity" : "generate1",
          "start" : 89,
          "length" : 309
        },
        {
          "activity" : "generate2",
          "start" : 110,
          "length" : 567
        },
        {
          "activity" : "generate2",
          "start" : 125,
          "length" : 220
        },
        {
          "activity" : "generateValidationPack",
          "start" : 152,
          "length" : 10
        },
        {
          "activity" : "scanProfilesForR5",
          "start" : 185,
          "length" : 9
        },
        {
          "activity" : "scanExamplesForR5",
          "start" : 185,
          "length" : 10
        }
      ]
    },
    {
      "name" : "fsh-generated/resources/StructureDefinition-pl-base-practitioner.json",
      "size" : 3163,
      "processes" : [
        {
          "activity" : "loadResources",
          "start" : 27,
          "length" : 2
        },
        {
          "activity" : "load",
          "start" : 27,
          "length" : 3
        },
        {
          "activity" : "generateSnapshots",
          "start" : 28,
          "length" : 6
        },
        {
          "activity" : "generateNarratives",
          "start" : 30,
          "length" : 17
        },
        {
          "activity" : "validate",
          "start" : 60,
          "length" : 593
        },
        {
          "activity" : "scanForUsageStats",
          "start" : 83,
          "length" : 2
        },
        {
          "activity" : "generate1",
          "start" : 89,
          "length" : 207
        },
        {
          "activity" : "generate2",
          "start" : 110,
          "length" : 499
        },
        {
          "activity" : "generate2",
          "start" : 125,
          "length" : 175
        },
        {
          "activity" : "generateValidationPack",
          "start" : 152,
          "length" : 5
        },
        {
          "activity" : "scanProfilesForR5",
          "start" : 185,
          "length" : 3
        },
        {
          "activity" : "scanExamplesForR5",
          "start" : 185,
          "length" : 2
        }
      ]
    },
    {
      "name" : "fsh-generated/resources/StructureDefinition-pl-base-practitionerole-documentauthor.json",
      "size" : 4989,
      "processes" : [
        {
          "activity" : "loadResources",
          "start" : 27,
          "length" : 2
        },
        {
          "activity" : "load",
          "start" : 27,
          "length" : 3
        },
        {
          "activity" : "generateSnapshots",
          "start" : 28,
          "length" : 27
        },
        {
          "activity" : "generateNarratives",
          "start" : 30,
          "length" : 17
        },
        {
          "activity" : "validate",
          "start" : 61,
          "length" : 520
        },
        {
          "activity" : "scanForUsageStats",
          "start" : 83,
          "length" : 1
        },
        {
          "activity" : "generate1",
          "start" : 90,
          "length" : 259
        },
        {
          "activity" : "generate2",
          "start" : 111,
          "length" : 666
        },
        {
          "activity" : "generate2",
          "start" : 125,
          "length" : 252
        },
        {
          "activity" : "generateValidationPack",
          "start" : 152,
          "length" : 4
        },
        {
          "activity" : "scanProfilesForR5",
          "start" : 185,
          "length" : 3
        },
        {
          "activity" : "scanExamplesForR5",
          "start" : 185,
          "length" : 3
        }
      ]
    },
    {
      "name" : "fsh-generated/resources/StructureDefinition-pl-base-practitionerole-informationrecipient.json",
      "size" : 4331,
      "processes" : [
        {
          "activity" : "loadResources",
          "start" : 27,
          "length" : 2
        },
        {
          "activity" : "load",
          "start" : 27,
          "length" : 3
        },
        {
          "activity" : "generateSnapshots",
          "start" : 28,
          "length" : 13
        },
        {
          "activity" : "load-configure",
          "start" : 29,
          "length" : 1
        },
        {
          "activity" : "generateNarratives",
          "start" : 30,
          "length" : 36
        },
        {
          "activity" : "validate",
          "start" : 61,
          "length" : 689
        },
        {
          "activity" : "validate",
          "start" : 83,
          "length" : 1
        },
        {
          "activity" : "checkConformanceResources",
          "start" : 83,
          "length" : 1
        },
        {
          "activity" : "scanForUsageStats",
          "start" : 83,
          "length" : 2
        },
        {
          "activity" : "checkURLsUnique",
          "start" : 84,
          "length" : 1
        },
        {
          "activity" : "generate1",
          "start" : 90,
          "length" : 194
        },
        {
          "activity" : "generate2",
          "start" : 111,
          "length" : 249
        },
        {
          "activity" : "generate2",
          "start" : 126,
          "length" : 282
        },
        {
          "activity" : "generateValidationPack",
          "start" : 152,
          "length" : 6
        },
        {
          "activity" : "scanProfilesForR5",
          "start" : 185,
          "length" : 1
        },
        {
          "activity" : "scanExamplesForR5",
          "start" : 185,
          "length" : 2
        }
      ]
    },
    {
      "name" : "fsh-generated/resources/StructureDefinition-pl-base-practitionerrole-servicerequester.json",
      "size" : 1372,
      "processes" : [
        {
          "activity" : "loadResources",
          "start" : 27,
          "length" : 2
        },
        {
          "activity" : "load",
          "start" : 27,
          "length" : 2
        },
        {
          "activity" : "generateSnapshots",
          "start" : 28,
          "length" : 5
        },
        {
          "activity" : "generateNarratives",
          "start" : 30,
          "length" : 22
        },
        {
          "activity" : "validate",
          "start" : 62,
          "length" : 207
        },
        {
          "activity" : "scanForUsageStats",
          "start" : 83,
          "length" : 2
        },
        {
          "activity" : "generate1",
          "start" : 90,
          "length" : 99
        },
        {
          "activity" : "generate2",
          "start" : 112,
          "length" : 140
        },
        {
          "activity" : "generate2",
          "start" : 126,
          "length" : 161
        },
        {
          "activity" : "generateExampleZip",
          "start" : 151,
          "length" : 1
        },
        {
          "activity" : "generateValidationPack",
          "start" : 152,
          "length" : 2
        }
      ]
    },
    {
      "name" : "fsh-generated/resources/StructureDefinition-pl-base-practitionerrole.json",
      "size" : 1790,
      "processes" : [
        {
          "activity" : "loadResources",
          "start" : 27,
          "length" : 2
        },
        {
          "activity" : "load",
          "start" : 27,
          "length" : 3
        },
        {
          "activity" : "generateNarratives",
          "start" : 30,
          "length" : 17
        },
        {
          "activity" : "validate",
          "start" : 62,
          "length" : 306
        },
        {
          "activity" : "scanForUsageStats",
          "start" : 83,
          "length" : 1
        },
        {
          "activity" : "generate1",
          "start" : 90,
          "length" : 105
        },
        {
          "activity" : "generate2",
          "start" : 112,
          "length" : 105
        },
        {
          "activity" : "generate2",
          "start" : 126,
          "length" : 107
        },
        {
          "activity" : "generateValidationPack",
          "start" : 152,
          "length" : 2
        },
        {
          "activity" : "scanExamplesForR5",
          "start" : 185,
          "length" : 1
        }
      ]
    },
    {
      "name" : "fsh-generated/resources/StructureDefinition-pl-base-reference-medicalentity.json",
      "size" : 1452,
      "processes" : [
        {
          "activity" : "loadResources",
          "start" : 27,
          "length" : 2
        },
        {
          "activity" : "load",
          "start" : 27,
          "length" : 2
        },
        {
          "activity" : "generateSnapshots",
          "start" : 28,
          "length" : 6
        },
        {
          "activity" : "generateNarratives",
          "start" : 30,
          "length" : 12
        },
        {
          "activity" : "validate",
          "start" : 63,
          "length" : 285
        },
        {
          "activity" : "scanForUsageStats",
          "start" : 83,
          "length" : 14
        },
        {
          "activity" : "generate1",
          "start" : 90,
          "length" : 73
        },
        {
          "activity" : "generate2",
          "start" : 112,
          "length" : 96
        },
        {
          "activity" : "generate2",
          "start" : 126,
          "length" : 53
        },
        {
          "activity" : "generateValidationPack",
          "start" : 152,
          "length" : 1
        }
      ]
    },
    {
      "name" : "fsh-generated/resources/StructureDefinition-pl-base-reference-medicalentitycompany.json",
      "size" : 1499,
      "processes" : [
        {
          "activity" : "loadResources",
          "start" : 27,
          "length" : 2
        },
        {
          "activity" : "load",
          "start" : 27,
          "length" : 2
        },
        {
          "activity" : "generateSnapshots",
          "start" : 28,
          "length" : 3
        },
        {
          "activity" : "generateNarratives",
          "start" : 30,
          "length" : 6
        },
        {
          "activity" : "validate",
          "start" : 63,
          "length" : 106
        },
        {
          "activity" : "scanForUsageStats",
          "start" : 83,
          "length" : 3
        },
        {
          "activity" : "generate1",
          "start" : 90,
          "length" : 65
        },
        {
          "activity" : "generate2",
          "start" : 112,
          "length" : 121
        },
        {
          "activity" : "generate2",
          "start" : 126,
          "length" : 58
        },
        {
          "activity" : "generateValidationPack",
          "start" : 152,
          "length" : 2
        },
        {
          "activity" : "scanExamplesForR5",
          "start" : 185,
          "length" : 1
        }
      ]
    },
    {
      "name" : "fsh-generated/resources/StructureDefinition-pl-base-reference-medicalentityunit.json",
      "size" : 1494,
      "processes" : [
        {
          "activity" : "loadResources",
          "start" : 27,
          "length" : 2
        },
        {
          "activity" : "load",
          "start" : 27,
          "length" : 3
        },
        {
          "activity" : "generateSnapshots",
          "start" : 28,
          "length" : 5
        },
        {
          "activity" : "generateNarratives",
          "start" : 30,
          "length" : 8
        },
        {
          "activity" : "validate",
          "start" : 63,
          "length" : 128
        },
        {
          "activity" : "scanForUsageStats",
          "start" : 83,
          "length" : 1
        },
        {
          "activity" : "generate1",
          "start" : 90,
          "length" : 62
        },
        {
          "activity" : "generate2",
          "start" : 112,
          "length" : 199
        },
        {
          "activity" : "generate2",
          "start" : 126,
          "length" : 51
        },
        {
          "activity" : "generateValidationPack",
          "start" : 152,
          "length" : 1
        }
      ]
    },
    {
      "name" : "fsh-generated/resources/StructureDefinition-pl-base-reference-medicalpractice.json",
      "size" : 1162,
      "processes" : [
        {
          "activity" : "loadResources",
          "start" : 27,
          "length" : 2
        },
        {
          "activity" : "load",
          "start" : 27,
          "length" : 2
        },
        {
          "activity" : "generateSnapshots",
          "start" : 28,
          "length" : 3
        },
        {
          "activity" : "load-configure",
          "start" : 29,
          "length" : 1
        },
        {
          "activity" : "generateNarratives",
          "start" : 30,
          "length" : 9
        },
        {
          "activity" : "validate",
          "start" : 63,
          "length" : 93
        },
        {
          "activity" : "generate1",
          "start" : 91,
          "length" : 43
        },
        {
          "activity" : "generate2",
          "start" : 112,
          "length" : 241
        },
        {
          "activity" : "generate2",
          "start" : 126,
          "length" : 39
        },
        {
          "activity" : "generateValidationPack",
          "start" : 152,
          "length" : 1
        },
        {
          "activity" : "scanProfilesForR5",
          "start" : 185,
          "length" : 1
        },
        {
          "activity" : "scanExamplesForR5",
          "start" : 185,
          "length" : 1
        }
      ]
    },
    {
      "name" : "fsh-generated/resources/StructureDefinition-pl-base-servicerequest-order.json",
      "size" : 1504,
      "processes" : [
        {
          "activity" : "loadResources",
          "start" : 27,
          "length" : 2
        },
        {
          "activity" : "load",
          "start" : 27,
          "length" : 3
        },
        {
          "activity" : "generateSnapshots",
          "start" : 28,
          "length" : 11
        },
        {
          "activity" : "generateNarratives",
          "start" : 30,
          "length" : 11
        },
        {
          "activity" : "validate",
          "start" : 63,
          "length" : 369
        },
        {
          "activity" : "checkConformanceResources",
          "start" : 83,
          "length" : 1
        },
        {
          "activity" : "scanForUsageStats",
          "start" : 83,
          "length" : 14
        },
        {
          "activity" : "generate1",
          "start" : 91,
          "length" : 108
        },
        {
          "activity" : "generate2",
          "start" : 112,
          "length" : 392
        },
        {
          "activity" : "generate2",
          "start" : 126,
          "length" : 126
        },
        {
          "activity" : "generateValidationPack",
          "start" : 152,
          "length" : 2
        },
        {
          "activity" : "scanProfilesForR5",
          "start" : 185,
          "length" : 2
        },
        {
          "activity" : "scanExamplesForR5",
          "start" : 185,
          "length" : 3
        }
      ]
    },
    {
      "name" : "fsh-generated/resources/StructureDefinition-practitionerrole-reimbursementcontractidentifier.json",
      "size" : 1850,
      "processes" : [
        {
          "activity" : "loadResources",
          "start" : 27,
          "length" : 2
        },
        {
          "activity" : "load",
          "start" : 27,
          "length" : 2
        },
        {
          "activity" : "generateSnapshots",
          "start" : 28,
          "length" : 3
        },
        {
          "activity" : "generateNarratives",
          "start" : 30,
          "length" : 11
        },
        {
          "activity" : "validate",
          "start" : 64,
          "length" : 129
        },
        {
          "activity" : "scanForUsageStats",
          "start" : 84,
          "length" : 3
        },
        {
          "activity" : "generate1",
          "start" : 91,
          "length" : 53
        },
        {
          "activity" : "generate2",
          "start" : 113,
          "length" : 131
        },
        {
          "activity" : "generate2",
          "start" : 127,
          "length" : 39
        },
        {
          "activity" : "generateValidationPack",
          "start" : 152,
          "length" : 2
        },
        {
          "activity" : "scanProfilesForR5",
          "start" : 185,
          "length" : 1
        }
      ]
    },
    {
      "name" : "fsh-generated/resources/StructureDefinition-teryt-simc.json",
      "size" : 1444,
      "processes" : [
        {
          "activity" : "loadResources",
          "start" : 27,
          "length" : 2
        },
        {
          "activity" : "load",
          "start" : 27,
          "length" : 2
        },
        {
          "activity" : "generateSnapshots",
          "start" : 29,
          "length" : 3
        },
        {
          "activity" : "generateNarratives",
          "start" : 30,
          "length" : 5
        },
        {
          "activity" : "validate",
          "start" : 64,
          "length" : 99
        },
        {
          "activity" : "scanForUsageStats",
          "start" : 84,
          "length" : 1
        },
        {
          "activity" : "generate1",
          "start" : 91,
          "length" : 46
        },
        {
          "activity" : "generate2",
          "start" : 113,
          "length" : 129
        },
        {
          "activity" : "generate2",
          "start" : 127,
          "length" : 33
        },
        {
          "activity" : "scanProfilesForR5",
          "start" : 185,
          "length" : 1
        },
        {
          "activity" : "scanExamplesForR5",
          "start" : 185,
          "length" : 1
        }
      ]
    },
    {
      "name" : "fsh-generated/resources/StructureDefinition-teryt-terc.json",
      "size" : 1444,
      "processes" : [
        {
          "activity" : "loadResources",
          "start" : 27,
          "length" : 2
        },
        {
          "activity" : "load",
          "start" : 27,
          "length" : 2
        },
        {
          "activity" : "generateSnapshots",
          "start" : 29,
          "length" : 3
        },
        {
          "activity" : "generateNarratives",
          "start" : 30,
          "length" : 16
        },
        {
          "activity" : "validate",
          "start" : 64,
          "length" : 140
        },
        {
          "activity" : "generate1",
          "start" : 91,
          "length" : 43
        },
        {
          "activity" : "generate2",
          "start" : 113,
          "length" : 110
        },
        {
          "activity" : "generate2",
          "start" : 127,
          "length" : 30
        },
        {
          "activity" : "generateValidationPack",
          "start" : 152,
          "length" : 1
        }
      ]
    },
    {
      "name" : "fsh-generated/resources/ValueSet-pl-confidentiality.json",
      "size" : 700,
      "processes" : [
        {
          "activity" : "loadResources",
          "start" : 27,
          "length" : 2
        },
        {
          "activity" : "load",
          "start" : 27,
          "length" : 5
        },
        {
          "activity" : "checkR4R4B",
          "start" : 29,
          "length" : 1
        },
        {
          "activity" : "generateNarratives",
          "start" : 30,
          "length" : 61
        },
        {
          "activity" : "validate",
          "start" : 30,
          "length" : 1150
        },
        {
          "activity" : "generate1",
          "start" : 91,
          "length" : 17
        },
        {
          "activity" : "generate2",
          "start" : 113,
          "length" : 4951
        },
        {
          "activity" : "generateValidationPack",
          "start" : 152,
          "length" : 1
        }
      ]
    },
    {
      "name" : "fsh-generated/resources/ValueSet-pl-discharge-disposition.json",
      "size" : 1903,
      "processes" : [
        {
          "activity" : "loadResources",
          "start" : 27,
          "length" : 1
        },
        {
          "activity" : "load",
          "start" : 27,
          "length" : 4
        },
        {
          "activity" : "generateNarratives",
          "start" : 30,
          "length" : 5
        },
        {
          "activity" : "validate",
          "start" : 32,
          "length" : 8878
        },
        {
          "activity" : "generate1",
          "start" : 91,
          "length" : 11
        },
        {
          "activity" : "generate2",
          "start" : 118,
          "length" : 58
        }
      ]
    },
    {
      "name" : "fsh-generated/resources/ValueSet-pl-document-language.json",
      "size" : 704,
      "processes" : [
        {
          "activity" : "loadResources",
          "start" : 27,
          "length" : 2
        },
        {
          "activity" : "load",
          "start" : 27,
          "length" : 4
        },
        {
          "activity" : "generateNarratives",
          "start" : 30,
          "length" : 7
        },
        {
          "activity" : "validate",
          "start" : 40,
          "length" : 1710
        },
        {
          "activity" : "generate1",
          "start" : 91,
          "length" : 8
        },
        {
          "activity" : "generate2",
          "start" : 118,
          "length" : 53
        },
        {
          "activity" : "generateValidationPack",
          "start" : 152,
          "length" : 1
        }
      ]
    },
    {
      "name" : "fsh-generated/resources/ValueSet-pl-organization-cell-type.json",
      "size" : 337,
      "processes" : [
        {
          "activity" : "loadResources",
          "start" : 27,
          "length" : 2
        },
        {
          "activity" : "load",
          "start" : 27,
          "length" : 4
        },
        {
          "activity" : "generateNarratives",
          "start" : 30,
          "length" : 3
        },
        {
          "activity" : "validate",
          "start" : 42,
          "length" : 10
        },
        {
          "activity" : "generate1",
          "start" : 91,
          "length" : 7
        },
        {
          "activity" : "generate2",
          "start" : 118,
          "length" : 49
        }
      ]
    },
    {
      "name" : "fsh-generated/resources/ValueSet-pl-p1-document-class-type.json",
      "size" : 348,
      "processes" : [
        {
          "activity" : "loadResources",
          "start" : 27,
          "length" : 1
        },
        {
          "activity" : "load",
          "start" : 27,
          "length" : 8
        },
        {
          "activity" : "generateNarratives",
          "start" : 30,
          "length" : 2
        },
        {
          "activity" : "validate",
          "start" : 42,
          "length" : 3
        },
        {
          "activity" : "generate1",
          "start" : 91,
          "length" : 7
        },
        {
          "activity" : "generate2",
          "start" : 118,
          "length" : 46
        }
      ]
    },
    {
      "name" : "fsh-generated/resources/ValueSet-pl-practitioner-role.json",
      "size" : 1154,
      "processes" : [
        {
          "activity" : "loadResources",
          "start" : 27,
          "length" : 2
        },
        {
          "activity" : "load",
          "start" : 27,
          "length" : 5
        },
        {
          "activity" : "load-configure",
          "start" : 29,
          "length" : 1
        },
        {
          "activity" : "generateNarratives",
          "start" : 30,
          "length" : 7
        },
        {
          "activity" : "validate",
          "start" : 42,
          "length" : 2042
        },
        {
          "activity" : "generate1",
          "start" : 91,
          "length" : 8
        },
        {
          "activity" : "generate2",
          "start" : 118,
          "length" : 47
        }
      ]
    },
    {
      "name" : "fsh-generated/resources/ValueSet-pl-practitioner-specialty.json",
      "size" : 294,
      "processes" : [
        {
          "activity" : "loadResources",
          "start" : 27,
          "length" : 2
        },
        {
          "activity" : "load",
          "start" : 27,
          "length" : 2
        },
        {
          "activity" : "generateNarratives",
          "start" : 30,
          "length" : 5
        },
        {
          "activity" : "validate",
          "start" : 44,
          "length" : 21
        },
        {
          "activity" : "generate1",
          "start" : 91,
          "length" : 7
        },
        {
          "activity" : "generate2",
          "start" : 118,
          "length" : 51
        },
        {
          "activity" : "scanProfilesForR5",
          "start" : 185,
          "length" : 1
        }
      ]
    },
    {
      "name" : "fsh-generated/resources/ValueSet-pl-service-event-type.json",
      "size" : 294,
      "processes" : [
        {
          "activity" : "loadResources",
          "start" : 27,
          "length" : 1
        },
        {
          "activity" : "load",
          "start" : 27,
          "length" : 3
        },
        {
          "activity" : "generateNarratives",
          "start" : 30,
          "length" : 3
        },
        {
          "activity" : "validate",
          "start" : 44,
          "length" : 2
        },
        {
          "activity" : "scanForUsageStats",
          "start" : 84,
          "length" : 1
        },
        {
          "activity" : "generate1",
          "start" : 91,
          "length" : 7
        },
        {
          "activity" : "generate2",
          "start" : 119,
          "length" : 135
        }
      ]
    }
  ]
}
