{
  "url" : "http://hl7.org.pl/fhir/ig/pl-base/ImplementationGuide/Hl7PlBaseIg",
  "name" : "hl7fhirplbaser4",
  "title" : null,
  "description" : null,
  "status" : "draft",
  "package-id" : "Hl7PlBaseIg",
  "ig-ver" : "0.1.0",
  "date" : "Tue, 17 Jun, 2025 16:22:50 +0200",
  "dateISO8601" : "2025-06-17T16:22:50+02:00",
  "errs" : 29,
  "warnings" : 89,
  "hints" : 8,
  "suppressed-hints" : 0,
  "suppressed-warnings" : 0,
  "version" : "4.0.1",
  "tool" : "5.0.0 (3)",
  "maxMemory" : 2017223072
}
