{
  "package": "Hl7PlBaseIg",
  "version": "0.1.0",
  "fhirVersion": "4.0.1",
  "extensions": [
    {
      "url": "http://hl7.org.pl/fhir/ig/pl-base/StructureDefinition/address-isoalpha3countrycode",
      "title": "Address: ISO Alpha-3 Country Code",
      "types": [
        "Coding"
      ]
    },
    {
      "url": "http://hl7.org.pl/fhir/ig/pl-base/StructureDefinition/address-isonumericcountrycode",
      "title": "Address: ISO Numeric Country Code",
      "types": [
        "Coding"
      ]
    },
    {
      "url": "http://hl7.org.pl/fhir/ig/pl-base/StructureDefinition/address-teryt",
      "title": "Address: TERYT Code (PL)",
      "types": [
        "base64Binary",
        "boolean",
        "canonical",
        "code",
        "date",
        "dateTime",
        "decimal",
        "id",
        "instant",
        "integer",
        "markdown",
        "oid",
        "positiveInt",
        "string",
        "time",
        "unsignedInt",
        "uri",
        "url",
        "uuid",
        "Address",
        "Age",
        "Annotation",
        "Attachment",
        "CodeableConcept",
        "Coding",
        "ContactPoint",
        "Count",
        "Distance",
        "Duration",
        "HumanName",
        "Identifier",
        "Money",
        "Period",
        "Quantity",
        "Range",
        "Ratio",
        "Reference",
        "SampledData",
        "Signature",
        "Timing",
        "ContactDetail",
        "Contributor",
        "DataRequirement",
        "Expression",
        "ParameterDefinition",
        "RelatedArtifact",
        "TriggerDefinition",
        "UsageContext",
        "Dosage",
        "Meta"
      ]
    },
    {
      "url": "http://hl7.org.pl/fhir/ig/pl-base/StructureDefinition/composition-basedonorder",
      "title": "Composition: Based On Order",
      "types": [
        "Reference"
      ]
    },
    {
      "url": "http://hl7.org.pl/fhir/ig/pl-base/StructureDefinition/composition-informationrecipient",
      "title": "Composition: Information Recipient",
      "types": [
        "Reference"
      ]
    },
    {
      "url": "http://hl7.org.pl/fhir/ig/pl-base/StructureDefinition/composition-payoridentifier",
      "title": "Composition: Payor Identifier",
      "types": [
        "Identifier",
        "string",
        "Extension",
        "code",
        "CodeableConcept",
        "uri",
        "string",
        "Period",
        "Reference",
        "Identifier",
        "string",
        "Extension",
        "code",
        "CodeableConcept",
        "uri",
        "string",
        "Period",
        "Reference",
        "base64Binary",
        "boolean",
        "canonical",
        "code",
        "date",
        "dateTime",
        "decimal",
        "id",
        "instant",
        "integer",
        "markdown",
        "oid",
        "positiveInt",
        "string",
        "time",
        "unsignedInt",
        "uri",
        "url",
        "uuid",
        "Address",
        "Age",
        "Annotation",
        "Attachment",
        "CodeableConcept",
        "Coding",
        "ContactPoint",
        "Count",
        "Distance",
        "Duration",
        "HumanName",
        "Identifier",
        "Money",
        "Period",
        "Quantity",
        "Range",
        "Ratio",
        "Reference",
        "SampledData",
        "Signature",
        "Timing",
        "ContactDetail",
        "Contributor",
        "DataRequirement",
        "Expression",
        "ParameterDefinition",
        "RelatedArtifact",
        "TriggerDefinition",
        "UsageContext",
        "Dosage",
        "Meta"
      ]
    },
    {
      "url": "http://hl7.org.pl/fhir/ig/pl-base/StructureDefinition/composition-version",
      "title": "Composition: Version",
      "types": [
        "string"
      ]
    },
    {
      "url": "http://hl7.org.pl/fhir/ig/pl-base/StructureDefinition/practitionerrole-reimbursementcontractidentifier",
      "title": "PractitionerRole: Reimbursement Contract Identifier",
      "types": [
        "Identifier",
        "string",
        "Extension",
        "code",
        "CodeableConcept",
        "uri",
        "string",
        "Period",
        "Reference"
      ]
    },
    {
      "url": "http://hl7.org.pl/fhir/ig/pl-base/StructureDefinition/teryt-simc",
      "title": "Address: SIMC Code (PL)",
      "types": [
        "Coding",
        "string",
        "Extension",
        "uri",
        "string",
        "code",
        "string",
        "boolean"
      ]
    },
    {
      "url": "http://hl7.org.pl/fhir/ig/pl-base/StructureDefinition/teryt-terc",
      "title": "Address: TERC Code (PL)",
      "types": [
        "Coding",
        "string",
        "Extension",
        "uri",
        "string",
        "code",
        "string",
        "boolean"
      ]
    }
  ],
  "profiles": {
    "Composition": [
      {
        "url": "http://hl7.org.pl/fhir/ig/pl-base/StructureDefinition/pl-base-composition",
        "title": "Composition (PL)"
      }
    ],
    "Contract": [
      {
        "url": "http://hl7.org.pl/fhir/ig/pl-base/StructureDefinition/pl-base-contract",
        "title": "Contract (PL)"
      }
    ],
    "Coverage": [
      {
        "url": "http://hl7.org.pl/fhir/ig/pl-base/StructureDefinition/pl-base-coverage",
        "title": "Coverage (PL)"
      }
    ],
    "Encounter": [
      {
        "url": "http://hl7.org.pl/fhir/ig/pl-base/StructureDefinition/pl-base-encounter",
        "title": "Encounter (PL)"
      }
    ],
    "Location": [
      {
        "url": "http://hl7.org.pl/fhir/ig/pl-base/StructureDefinition/pl-base-location",
        "title": "Location (PL)"
      },
      {
        "url": "http://hl7.org.pl/fhir/ig/pl-base/StructureDefinition/pl-base-location-medicalfacility",
        "title": "Location: Medical Facility (PL)"
      },
      {
        "url": "http://hl7.org.pl/fhir/ig/pl-base/StructureDefinition/pl-base-location-medicalfacilitytype",
        "title": "Location: Medical Facility Type (PL)"
      }
    ],
    "Organization": [
      {
        "url": "http://hl7.org.pl/fhir/ig/pl-base/StructureDefinition/pl-base-organization",
        "title": "Organization (PL)"
      },
      {
        "url": "http://hl7.org.pl/fhir/ig/pl-base/StructureDefinition/pl-base-organization-medicalentity",
        "title": "Organization: MedicalProvider (PL)"
      },
      {
        "url": "http://hl7.org.pl/fhir/ig/pl-base/StructureDefinition/pl-base-organization-medicalentitycell",
        "title": "Organization: Medical Entity Cell (PL)"
      },
      {
        "url": "http://hl7.org.pl/fhir/ig/pl-base/StructureDefinition/pl-base-organization-medicalentityunit",
        "title": "Organization: Medical Entity Unit (PL)"
      },
      {
        "url": "http://hl7.org.pl/fhir/ig/pl-base/StructureDefinition/pl-base-organization-medicalpracticeserviceentity",
        "title": "Organization: Medical Practice Service Entity (PL)"
      },
      {
        "url": "http://hl7.org.pl/fhir/ig/pl-base/StructureDefinition/pl-base-organization-payor",
        "title": "Organization: Payor (PL)"
      },
      {
        "url": "http://hl7.org.pl/fhir/ig/pl-base/StructureDefinition/pl-base-organization-pharmacy",
        "title": "Organization: Pharmacy (PL)"
      }
    ],
    "Patient": [
      {
        "url": "http://hl7.org.pl/fhir/ig/pl-base/StructureDefinition/pl-base-patient",
        "title": "Patient (PL)"
      }
    ],
    "Practitioner": [
      {
        "url": "http://hl7.org.pl/fhir/ig/pl-base/StructureDefinition/pl-base-practitioner",
        "title": "Practitioner (PL)"
      }
    ],
    "PractitionerRole": [
      {
        "url": "http://hl7.org.pl/fhir/ig/pl-base/StructureDefinition/pl-base-practitionerole-documentauthor",
        "title": "PractitionerRole: Author (PL)"
      },
      {
        "url": "http://hl7.org.pl/fhir/ig/pl-base/StructureDefinition/pl-base-practitionerole-informationrecipient",
        "title": "PractitionerRole: Information Recipient (PL)"
      },
      {
        "url": "http://hl7.org.pl/fhir/ig/pl-base/StructureDefinition/pl-base-practitionerrole",
        "title": "PractitionerRole (PL)"
      },
      {
        "url": "http://hl7.org.pl/fhir/ig/pl-base/StructureDefinition/pl-base-practitionerrole-servicerequester",
        "title": "PractitionerRole: Service Requester (PL)"
      }
    ],
    "ServiceRequest": [
      {
        "url": "http://hl7.org.pl/fhir/ig/pl-base/StructureDefinition/pl-base-servicerequest-order",
        "title": "Service Request: Order (PL)"
      }
    ]
  },
  "usage": {
    "http://hl7.org.pl/fhir/ig/pl-base/StructureDefinition/address-isoalpha3countrycode": [
      "Address.country"
    ],
    "http://hl7.org.pl/fhir/ig/pl-base/StructureDefinition/address-isonumericcountrycode": [
      "Address.country"
    ],
    "http://hl7.org.pl/fhir/ig/pl-base/StructureDefinition/address-teryt": [
      "Address"
    ],
    "http://hl7.org.pl/fhir/ig/pl-base/StructureDefinition/composition-basedonorder": [
      "Composition"
    ],
    "http://hl7.org.pl/fhir/ig/pl-base/StructureDefinition/composition-informationrecipient": [
      "Composition"
    ],
    "http://hl7.org.pl/fhir/ig/pl-base/StructureDefinition/composition-payoridentifier": [
      "Composition"
    ],
    "http://hl7.org.pl/fhir/ig/pl-base/StructureDefinition/composition-version": [
      "Composition",
      "Composition.relatesTo"
    ],
    "http://hl7.org.pl/fhir/ig/pl-base/StructureDefinition/practitionerrole-reimbursementcontractidentifier": [
      "PractitionerRole"
    ],
    "http://hl7.org.pl/fhir/ig/pl-base/StructureDefinition/teryt-simc": [
      "Extension"
    ],
    "http://hl7.org.pl/fhir/ig/pl-base/StructureDefinition/teryt-terc": [
      "Extension"
    ],
    "http://hl7.org/fhir/StructureDefinition/data-absent-reason": [
      "Patient.birthDate",
      "Patient.name"
    ],
    "http://hl7.org/fhir/StructureDefinition/elementdefinition-bestpractice": [
      "StructureDefinition.snapshot.element.constraint"
    ],
    "http://hl7.org/fhir/StructureDefinition/elementdefinition-bestpractice-explanation": [
      "StructureDefinition.snapshot.element.constraint"
    ],
    "http://hl7.org/fhir/StructureDefinition/elementdefinition-bindingName": [
      "StructureDefinition.snapshot.element.binding"
    ],
    "http://hl7.org/fhir/StructureDefinition/elementdefinition-maxValueSet": [
      "StructureDefinition.snapshot.element.binding"
    ],
    "http://hl7.org/fhir/StructureDefinition/elementdefinition-translatable": [
      "StructureDefinition.snapshot.element"
    ],
    "http://hl7.org/fhir/StructureDefinition/iso21090-ADXP-houseNumber": [
      "Address.line"
    ],
    "http://hl7.org/fhir/StructureDefinition/iso21090-ADXP-postBox": [
      "Address.line"
    ],
    "http://hl7.org/fhir/StructureDefinition/iso21090-ADXP-streetName": [
      "Address.line"
    ],
    "http://hl7.org/fhir/StructureDefinition/iso21090-ADXP-unitID": [
      "Address.line"
    ],
    "http://hl7.org/fhir/StructureDefinition/iso21090-SC-coding": [
      "Address.country"
    ],
    "http://hl7.org/fhir/StructureDefinition/patient-birthPlace": [
      "Patient"
    ],
    "http://hl7.org/fhir/StructureDefinition/patient-citizenship": [
      "Patient"
    ],
    "http://hl7.org/fhir/StructureDefinition/patient-nationality": [
      "Patient"
    ],
    "http://hl7.org/fhir/StructureDefinition/patient-sexParameterForClinicalUse": [
      "Patient"
    ],
    "http://hl7.org/fhir/StructureDefinition/regex": [
      "StructureDefinition.snapshot.element.type"
    ],
    "http://hl7.org/fhir/StructureDefinition/structuredefinition-fhir-type": [
      "StructureDefinition.snapshot.element.type"
    ],
    "http://hl7.org/fhir/StructureDefinition/structuredefinition-hierarchy": [
      "StructureDefinition.differential.element.type",
      "StructureDefinition.snapshot.element.type"
    ],
    "http://hl7.org/fhir/StructureDefinition/structuredefinition-imposeProfile": [
      "StructureDefinition"
    ],
    "http://hl7.org/fhir/tools/StructureDefinition/ig-internal-dependency": [
      "ImplementationGuide.definition"
    ],
    "http://hl7.org/fhir/tools/StructureDefinition/ig-page-name": [
      "ImplementationGuide.definition.page",
      "ImplementationGuide.definition.page.page"
    ],
    "http://hl7.org/fhir/tools/StructureDefinition/ig-parameter": [
      "ImplementationGuide.definition"
    ],
    "http://hl7.org/fhir/tools/StructureDefinition/implementationguide-dependency-comment": [
      "ImplementationGuide.dependsOn"
    ],
    "http://hl7.org/fhir/tools/StructureDefinition/resource-information": [
      "ImplementationGuide.definition.resource"
    ],
    "http://hl7.org/fhir/tools/StructureDefinition/snapshot-base-version": [
      "StructureDefinition.snapshot"
    ]
  }
}