<?xml version="1.0" encoding="UTF-8"?>

<ValueSet xmlns="http://hl7.org/fhir">
  <id value="pl-document-language"/>
  <text>
    <status value="generated"/><div xmlns="http://www.w3.org/1999/xhtml"><p class="res-header-id"><b>Generated Narrative: ValueSet pl-document-language</b></p><a name="pl-document-language"> </a><a name="hcpl-document-language"> </a><ul><li>Include these codes as defined in <a href="http://terminology.hl7.org/6.2.0/CodeSystem-v3-ietf3066.html"><code>urn:ietf:bcp:47</code></a><table class="none"><tr><td style="white-space:nowrap"><b>Code</b></td><td><b>Display</b></td></tr><tr><td>en-GB</td><td>British English</td></tr><tr><td>en-US</td><td>American English</td></tr><tr><td>pl-PL</td><td>Polish</td></tr></table></li></ul></div>
  </text>
  <url value="http://hl7.org.pl/fhir/ig/pl-base/ValueSet/pl-document-language"/>
  <version value="0.1.0"/>
  <name value="PLDocumentLanguage"/>
  <title value="Document Language (PL)"/>
  <status value="draft"/>
  <date value="2025-06-17T16:22:21+02:00"/>
  <publisher value="HL7 Poland"/>
  <contact>
    <name value="HL7 Poland"/>
    <telecom>
      <system value="url"/>
      <value value="http://hl7.org.pl"/>
    </telecom>
  </contact>
  <description value="Dopuszczalny język dokumentu medycznego w Polsce"/>
  <compose>
    <include>
      <system value="urn:ietf:bcp:47"/>
      <concept>
        <code value="en-GB"/>
        <display value="British English"/>
      </concept>
      <concept>
        <code value="en-US"/>
        <display value="American English"/>
      </concept>
      <concept>
        <code value="pl-PL"/>
        <display value="Polish"/>
      </concept>
    </include>
  </compose>
</ValueSet>