{
  "resourceType" : "ValueSet",
  "id" : "pl-service-event-type",
  "text" : {
    "status" : "generated",
    "div" : "<div xmlns=\"http://www.w3.org/1999/xhtml\"><p class=\"res-header-id\"><b>Generated Narrative: ValueSet pl-service-event-type</b></p><a name=\"pl-service-event-type\"> </a><a name=\"hcpl-service-event-type\"> </a><p>This value set includes codes based on the following rules:</p><ul/></div>"
  },
  "url" : "http://hl7.org.pl/fhir/ig/pl-base/ValueSet/pl-service-event-type",
  "version" : "0.1.0",
  "name" : "PLServiceEventType",
  "title" : "Service event type (PL)",
  "status" : "draft",
  "date" : "2025-06-17T16:22:21+02:00",
  "publisher" : "HL7 Poland",
  "contact" : [{
    "name" : "HL7 Poland",
    "telecom" : [{
      "system" : "url",
      "value" : "http://hl7.org.pl"
    }]
  }],
  "description" : "Typ usługi medycznego według ICD-9 PL"
}