{
  "codeSystems" : [
    {
      "url" : "http://hl7.org.pl/fhir/ig/pl-base/ValueSet/pl-confidentiality",
      "version" : "0.1.0",
      "status" : "draft",
      "name" : "PLConfidentiality",
      "title" : "Confidentiality code (PL)",
      "description" : "Kod poufności dokumentu",
      "systems" : ["http://terminology.hl7.org/CodeSystem/v3-Confidentiality"],
      "uses" : {
      },
      "StructureDefinition-pl-base-composition.html" : "Composition (PL)"
    },
    {
      "url" : "http://hl7.org.pl/fhir/ig/pl-base/ValueSet/pl-discharge-disposition",
      "version" : "0.1.0",
      "status" : "draft",
      "name" : "PLDischargeDisposition",
      "title" : "Discharge disposition code (PL)",
      "description" : "Tryb wypisu ze szpitala",
      "systems" : ["urn:oid:2.16.840.1.113883.3.4424.11.3.21"],
      "uses" : {
      },
      "StructureDefinition-pl-base-encounter.html" : "Encounter (PL)"
    },
    {
      "url" : "http://hl7.org.pl/fhir/ig/pl-base/ValueSet/pl-document-language",
      "version" : "0.1.0",
      "status" : "draft",
      "name" : "PLDocumentLanguage",
      "title" : "Document Language (PL)",
      "description" : "Dopuszczalny język dokumentu medycznego w Polsce",
      "systems" : ["urn:ietf:bcp:47"],
      "uses" : {
      },
      "StructureDefinition-pl-base-composition.html" : "Composition (PL)"
    },
    {
      "url" : "http://hl7.org.pl/fhir/ig/pl-base/ValueSet/pl-organization-cell-type",
      "version" : "0.1.0",
      "status" : "draft",
      "name" : "PLOrganizationCellType",
      "title" : "Organization Cell Type (PL)",
      "description" : "Specjalności komórek organizacyjnych (cz. VIII kodu resortowego)",
      "uses" : {
      },
      "StructureDefinition-pl-base-encounter.html" : "Encounter (PL)"
    },
    {
      "url" : "http://hl7.org.pl/fhir/ig/pl-base/ValueSet/pl-p1-document-class-type",
      "version" : "0.1.0",
      "status" : "draft",
      "name" : "PLP1DocumentClassType",
      "title" : "P1 Document Classification Type (PL)",
      "description" : "Typ dokumentu według klasyfikacji typów dokumentów na platfomie P1",
      "uses" : {
      },
      "StructureDefinition-pl-base-composition.html" : "Composition (PL)"
    },
    {
      "url" : "http://hl7.org.pl/fhir/ig/pl-base/ValueSet/pl-practitioner-role",
      "version" : "0.1.0",
      "status" : "draft",
      "name" : "PLPractitionerRole",
      "title" : "Practitioner role (PL)",
      "description" : "Zawód medyczny",
      "systems" : ["urn:oid:2.16.840.1.113883.3.4424.11.3.18"],
      "uses" : {
      },
      "StructureDefinition-pl-base-practitionerole-documentauthor.html" : "PractitionerRole: Author (PL)",
      "StructureDefinition-pl-base-practitionerole-informationrecipient.html" : "PractitionerRole: Information Recipient (PL)"
    },
    {
      "url" : "http://hl7.org.pl/fhir/ig/pl-base/ValueSet/pl-practitioner-specialty",
      "version" : "0.1.0",
      "status" : "draft",
      "name" : "PLPractitionerSpecialty",
      "title" : "Practitioner specialty (PL)",
      "description" : "Specjalność lekarska",
      "uses" : {
      },
      "StructureDefinition-pl-base-practitionerole-documentauthor.html" : "PractitionerRole: Author (PL)",
      "StructureDefinition-pl-base-practitionerole-informationrecipient.html" : "PractitionerRole: Information Recipient (PL)"
    },
    {
      "url" : "http://hl7.org.pl/fhir/ig/pl-base/ValueSet/pl-service-event-type",
      "version" : "0.1.0",
      "status" : "draft",
      "name" : "PLServiceEventType",
      "title" : "Service event type (PL)",
      "description" : "Typ usługi medycznego według ICD-9 PL",
      "uses" : {
      },
      "StructureDefinition-pl-base-composition.html" : "Composition (PL)"
    },
    {
      "url" : "http://hl7.org/fhir/ValueSet/address-type",
      "version" : "4.0.1",
      "status" : "active",
      "name" : "AddressType",
      "title" : "AddressType",
      "description" : "The type of an address (physical / postal).",
      "systems" : ["http://hl7.org/fhir/address-type"],
      "oids" : ["2.16.840.1.113883.4.642.3.69"],
      "sources" : ["2.16.840.1.113883.4.642.3.69"],
      "uses" : {
      },
      "StructureDefinition-pl-base-address.html" : "Address (PL)"
    },
    {
      "url" : "http://hl7.org/fhir/ValueSet/address-use",
      "version" : "4.0.1",
      "status" : "active",
      "name" : "AddressUse",
      "title" : "AddressUse",
      "description" : "The use of an address.",
      "systems" : ["http://hl7.org/fhir/address-use"],
      "oids" : ["2.16.840.1.113883.4.642.3.67"],
      "sources" : ["2.16.840.1.113883.4.642.3.67"],
      "uses" : {
      },
      "StructureDefinition-pl-base-address.html" : "Address (PL)"
    },
    {
      "url" : "http://hl7.org/fhir/ValueSet/administrative-gender",
      "version" : "4.0.1",
      "status" : "active",
      "name" : "AdministrativeGender",
      "title" : "AdministrativeGender",
      "description" : "The gender of a person used for administrative purposes.",
      "systems" : ["http://hl7.org/fhir/administrative-gender"],
      "oids" : ["2.16.840.1.113883.4.642.3.1"],
      "sources" : ["2.16.840.1.113883.4.642.3.1"],
      "uses" : {
      },
      "StructureDefinition-pl-base-patient.html" : "Patient (PL)",
      "StructureDefinition-pl-base-practitioner.html" : "Practitioner (PL)"
    },
    {
      "url" : "http://hl7.org/fhir/ValueSet/asset-availability",
      "version" : "4.0.1",
      "status" : "draft",
      "name" : "ContractResourceAssetAvailiabilityCodes",
      "title" : "Contract Resource Asset Availiability codes",
      "description" : "This value set has asset availability codes.",
      "systems" : ["http://hl7.org/fhir/asset-availability"],
      "oids" : ["2.16.840.1.113883.4.642.3.1295"],
      "sources" : ["2.16.840.1.113883.4.642.3.1295"],
      "uses" : {
      },
      "StructureDefinition-pl-base-contract.html" : "Contract (PL)"
    },
    {
      "url" : "http://hl7.org/fhir/ValueSet/body-site",
      "version" : "4.0.1",
      "status" : "draft",
      "name" : "SNOMEDCTBodyStructures",
      "title" : "SNOMED CT Body Structures",
      "description" : "This value set includes all codes from [SNOMED CT](http://snomed.info/sct) where concept is-a 442083009 (Anatomical or acquired body site (body structure)).",
      "systems" : ["http://snomed.info/sct"],
      "oids" : ["2.16.840.1.113883.4.642.3.141"],
      "sources" : ["2.16.840.1.113883.4.642.3.141"],
      "uses" : {
      },
      "StructureDefinition-pl-base-servicerequest-order.html" : "Service Request: Order (PL)"
    },
    {
      "url" : "http://hl7.org/fhir/ValueSet/c80-practice-codes",
      "version" : "4.0.1",
      "status" : "active",
      "name" : "PracticeSettingCodeValueSet",
      "title" : "Practice Setting Code Value Set",
      "description" : "This is the code representing the clinical specialty of the clinician or provider who interacted with, treated, or provided a service to/for the patient. The value set used for clinical specialty has been limited by HITSP to the value set reproduced from HITSP C80 Table 2-149 Clinical Specialty Value Set Definition.",
      "systems" : ["http://snomed.info/sct"],
      "oids" : ["2.16.840.1.113883.3.88.12.80.72"],
      "sources" : ["2.16.840.1.113883.3.88.12.80.72"],
      "uses" : {
      },
      "StructureDefinition-pl-base-practitionerrole.html" : "PractitionerRole (PL)",
      "StructureDefinition-pl-base-practitionerrole-servicerequester.html" : "PractitionerRole: Service Requester (PL)"
    },
    {
      "url" : "http://hl7.org/fhir/ValueSet/composition-attestation-mode",
      "version" : "4.0.1",
      "status" : "draft",
      "name" : "CompositionAttestationMode",
      "title" : "CompositionAttestationMode",
      "description" : "The way in which a person authenticated a composition.",
      "systems" : ["http://hl7.org/fhir/composition-attestation-mode"],
      "oids" : ["2.16.840.1.113883.4.642.3.238"],
      "sources" : ["2.16.840.1.113883.4.642.3.238"],
      "uses" : {
      },
      "StructureDefinition-pl-base-composition.html" : "Composition (PL)"
    },
    {
      "url" : "http://hl7.org/fhir/ValueSet/composition-status",
      "version" : "4.0.1",
      "status" : "draft",
      "name" : "CompositionStatus",
      "title" : "CompositionStatus",
      "description" : "The workflow/clinical status of the composition.",
      "systems" : ["http://hl7.org/fhir/composition-status"],
      "oids" : ["2.16.840.1.113883.4.642.3.241"],
      "sources" : ["2.16.840.1.113883.4.642.3.241"],
      "uses" : {
      },
      "StructureDefinition-pl-base-composition.html" : "Composition (PL)"
    },
    {
      "url" : "http://hl7.org/fhir/ValueSet/consent-content-class",
      "version" : "4.0.1",
      "status" : "draft",
      "name" : "ConsentContentClass",
      "title" : "Consent Content Class",
      "description" : "This value set includes the FHIR resource types, along with some other important content class codes",
      "systems" : [
        "urn:ietf:rfc:3986",
        "urn:ietf:bcp:13",
        "http://hl7.org/fhir/resource-types",
        "http://ihe.net/fhir/ValueSet/IHE.FormatCode.codesystem"
      ],
      "oids" : ["2.16.840.1.113883.4.642.3.747"],
      "sources" : ["2.16.840.1.113883.4.642.3.747"],
      "uses" : {
      },
      "StructureDefinition-pl-base-contract.html" : "Contract (PL)"
    },
    {
      "url" : "http://hl7.org/fhir/ValueSet/contactentity-type",
      "version" : "4.0.1",
      "status" : "draft",
      "name" : "ContactEntityType",
      "title" : "Contact entity type",
      "description" : "This example value set defines a set of codes that can be used to indicate the purpose for which you would contact a contact party.",
      "systems" : ["http://terminology.hl7.org/CodeSystem/contactentity-type"],
      "oids" : ["2.16.840.1.113883.4.642.3.416"],
      "sources" : ["2.16.840.1.113883.4.642.3.416"],
      "uses" : {
      },
      "StructureDefinition-pl-base-organization.html" : "Organization (PL)",
      "StructureDefinition-pl-base-organization-medicalentitycell.html" : "Organization: Medical Entity Cell (PL)",
      "StructureDefinition-pl-base-organization-medicalpracticeserviceentity.html" : "Organization: Medical Practice Service Entity (PL)",
      "StructureDefinition-pl-base-organization-medicalentityunit.html" : "Organization: Medical Entity Unit (PL)",
      "StructureDefinition-pl-base-organization-pharmacy.html" : "Organization: Pharmacy (PL)",
      "StructureDefinition-pl-base-organization-medicalentity.html" : "Organization: MedicalProvider (PL)",
      "StructureDefinition-pl-base-organization-payor.html" : "Organization: Payor (PL)"
    },
    {
      "url" : "http://hl7.org/fhir/ValueSet/contract-action",
      "version" : "4.0.1",
      "status" : "draft",
      "name" : "ContractActionCodes",
      "title" : "Contract Action Codes",
      "description" : "This value set includes sample Contract Action codes.",
      "systems" : ["http://terminology.hl7.org/CodeSystem/contractaction"],
      "oids" : ["2.16.840.1.113883.4.642.3.739"],
      "sources" : ["2.16.840.1.113883.4.642.3.739"],
      "uses" : {
      },
      "StructureDefinition-pl-base-contract.html" : "Contract (PL)"
    },
    {
      "url" : "http://hl7.org/fhir/ValueSet/contract-actionstatus",
      "version" : "4.0.1",
      "status" : "draft",
      "name" : "ContractResourceActionStatusCodes",
      "title" : "Contract Resource Action Status codes",
      "description" : "This value set contract specific codes for action status.",
      "systems" : ["http://hl7.org/fhir/contract-action-status"],
      "oids" : ["2.16.840.1.113883.4.642.3.1303"],
      "sources" : ["2.16.840.1.113883.4.642.3.1303"],
      "uses" : {
      },
      "StructureDefinition-pl-base-contract.html" : "Contract (PL)"
    },
    {
      "url" : "http://hl7.org/fhir/ValueSet/contract-actorrole",
      "version" : "4.0.1",
      "status" : "draft",
      "name" : "ContractActorRoleCodes",
      "title" : "Contract Actor Role Codes",
      "description" : "This value set includes sample Contract Actor Role codes.",
      "systems" : ["http://terminology.hl7.org/CodeSystem/contractactorrole"],
      "oids" : ["2.16.840.1.113883.4.642.3.741"],
      "sources" : ["2.16.840.1.113883.4.642.3.741"],
      "uses" : {
      },
      "StructureDefinition-pl-base-contract.html" : "Contract (PL)"
    },
    {
      "url" : "http://hl7.org/fhir/ValueSet/contract-assetcontext",
      "version" : "4.0.1",
      "status" : "draft",
      "name" : "ContractResourceAssetContextCodes",
      "title" : "Contract Resource Asset Context codes",
      "description" : "This value set contract specific codes for asset context.",
      "systems" : ["http://hl7.org/fhir/contract-asset-context"],
      "oids" : ["2.16.840.1.113883.4.642.3.1297"],
      "sources" : ["2.16.840.1.113883.4.642.3.1297"],
      "uses" : {
      },
      "StructureDefinition-pl-base-contract.html" : "Contract (PL)"
    },
    {
      "url" : "http://hl7.org/fhir/ValueSet/contract-assetscope",
      "version" : "4.0.1",
      "status" : "draft",
      "name" : "ContractResourceAssetScopeCodes",
      "title" : "Contract Resource Asset Scope codes",
      "description" : "This value set contract specific codes for asset scope.",
      "systems" : ["http://hl7.org/fhir/contract-asset-scope"],
      "oids" : ["2.16.840.1.113883.4.642.3.1293"],
      "sources" : ["2.16.840.1.113883.4.642.3.1293"],
      "uses" : {
      },
      "StructureDefinition-pl-base-contract.html" : "Contract (PL)"
    },
    {
      "url" : "http://hl7.org/fhir/ValueSet/contract-assetsubtype",
      "version" : "4.0.1",
      "status" : "draft",
      "name" : "ContractResourceAssetSub-TypeCodes",
      "title" : "Contract Resource Asset Sub-Type codes",
      "description" : "This value set contract specific codes for asset subtype.",
      "systems" : ["http://hl7.org/fhir/contract-asset-subtype"],
      "oids" : ["2.16.840.1.113883.4.642.3.1301"],
      "sources" : ["2.16.840.1.113883.4.642.3.1301"],
      "uses" : {
      },
      "StructureDefinition-pl-base-contract.html" : "Contract (PL)"
    },
    {
      "url" : "http://hl7.org/fhir/ValueSet/contract-assettype",
      "version" : "4.0.1",
      "status" : "draft",
      "name" : "ContractResourceAssetTypeCodes",
      "title" : "Contract Resource Asset Type codes",
      "description" : "This value set contract specific codes for asset type.",
      "systems" : ["http://hl7.org/fhir/contract-asset-type"],
      "oids" : ["2.16.840.1.113883.4.642.3.1299"],
      "sources" : ["2.16.840.1.113883.4.642.3.1299"],
      "uses" : {
      },
      "StructureDefinition-pl-base-contract.html" : "Contract (PL)"
    },
    {
      "url" : "http://hl7.org/fhir/ValueSet/contract-content-derivative",
      "version" : "4.0.1",
      "status" : "draft",
      "name" : "ContractContentDerivationCodes",
      "title" : "Contract Content Derivation Codes",
      "description" : "This is an example set of Content Derivative type codes, which represent the minimal content derived from the basal information source at a specific stage in its lifecycle, which is sufficient to manage that source information, for example, in a repository, registry, processes and workflows, for making access control decisions, and providing query responses.",
      "systems" : [
        "http://terminology.hl7.org/CodeSystem/contract-content-derivative"
      ],
      "oids" : ["2.16.840.1.113883.4.642.3.745"],
      "sources" : ["2.16.840.1.113883.4.642.3.745"],
      "uses" : {
      },
      "StructureDefinition-pl-base-contract.html" : "Contract (PL)"
    },
    {
      "url" : "http://hl7.org/fhir/ValueSet/contract-decision-mode",
      "version" : "4.0.1",
      "status" : "draft",
      "name" : "ContractResourceDecisionModeCodes",
      "title" : "Contract Resource Decision Mode codes",
      "description" : "This value set contract specific codes for decision modes.",
      "systems" : ["http://hl7.org/fhir/contract-decision-mode"],
      "oids" : ["2.16.840.1.113883.4.642.3.1291"],
      "sources" : ["2.16.840.1.113883.4.642.3.1291"],
      "uses" : {
      },
      "StructureDefinition-pl-base-contract.html" : "Contract (PL)"
    },
    {
      "url" : "http://hl7.org/fhir/ValueSet/contract-definition-subtype",
      "version" : "4.0.1",
      "status" : "draft",
      "name" : "ContractResourceDefinitionSubtypeCodes",
      "title" : "Contract Resource Definition Subtype codes",
      "description" : "This value set contract specific codes for status.",
      "systems" : ["http://hl7.org/fhir/contract-definition-subtype"],
      "oids" : ["2.16.840.1.113883.4.642.3.1212"],
      "sources" : ["2.16.840.1.113883.4.642.3.1212"],
      "uses" : {
      },
      "StructureDefinition-pl-base-contract.html" : "Contract (PL)"
    },
    {
      "url" : "http://hl7.org/fhir/ValueSet/contract-definition-type",
      "version" : "4.0.1",
      "status" : "draft",
      "name" : "ContractResourceDefinitionTypeCodes",
      "title" : "Contract Resource Definition Type codes",
      "description" : "This value set contract specific codes for status.",
      "systems" : ["http://hl7.org/fhir/contract-definition-type"],
      "oids" : ["2.16.840.1.113883.4.642.3.1210"],
      "sources" : ["2.16.840.1.113883.4.642.3.1210"],
      "uses" : {
      },
      "StructureDefinition-pl-base-contract.html" : "Contract (PL)"
    },
    {
      "url" : "http://hl7.org/fhir/ValueSet/contract-expiration-type",
      "version" : "4.0.1",
      "status" : "draft",
      "name" : "ContractResourceExpirationTypeCodes",
      "title" : "Contract Resource Expiration Type codes",
      "description" : "This value set contract specific codes for status.",
      "systems" : ["http://hl7.org/fhir/contract-expiration-type"],
      "oids" : ["2.16.840.1.113883.4.642.3.1214"],
      "sources" : ["2.16.840.1.113883.4.642.3.1214"],
      "uses" : {
      },
      "StructureDefinition-pl-base-contract.html" : "Contract (PL)"
    },
    {
      "url" : "http://hl7.org/fhir/ValueSet/contract-legalstate",
      "version" : "4.0.1",
      "status" : "draft",
      "name" : "ContractResourceLegalStateCodes",
      "title" : "Contract Resource Legal State codes",
      "description" : "This value set contract specific codes for status.",
      "systems" : ["http://hl7.org/fhir/contract-legalstate"],
      "oids" : ["2.16.840.1.113883.4.642.3.1206"],
      "sources" : ["2.16.840.1.113883.4.642.3.1206"],
      "uses" : {
      },
      "StructureDefinition-pl-base-contract.html" : "Contract (PL)"
    },
    {
      "url" : "http://hl7.org/fhir/ValueSet/contract-party-role",
      "version" : "4.0.1",
      "status" : "draft",
      "name" : "ContractResourcePartyRoleCodes",
      "title" : "Contract Resource Party Role codes",
      "description" : "This value set contract specific codes for offer party participation.",
      "systems" : ["http://hl7.org/fhir/contract-party-role"],
      "oids" : ["2.16.840.1.113883.4.642.3.1224"],
      "sources" : ["2.16.840.1.113883.4.642.3.1224"],
      "uses" : {
      },
      "StructureDefinition-pl-base-contract.html" : "Contract (PL)"
    },
    {
      "url" : "http://hl7.org/fhir/ValueSet/contract-publicationstatus",
      "version" : "4.0.1",
      "status" : "draft",
      "name" : "ContractResourcePublicationStatusCodes",
      "title" : "Contract Resource Publication Status codes",
      "description" : "This value set contract specific codes for status.",
      "systems" : ["http://hl7.org/fhir/contract-publicationstatus"],
      "oids" : ["2.16.840.1.113883.4.642.3.1208"],
      "sources" : ["2.16.840.1.113883.4.642.3.1208"],
      "uses" : {
      },
      "StructureDefinition-pl-base-contract.html" : "Contract (PL)"
    },
    {
      "url" : "http://hl7.org/fhir/ValueSet/contract-scope",
      "version" : "4.0.1",
      "status" : "draft",
      "name" : "ContractResourceScopeCodes",
      "title" : "Contract Resource Scope codes",
      "description" : "This value set contract specific codes for scope.",
      "systems" : ["http://hl7.org/fhir/contract-scope"],
      "oids" : ["2.16.840.1.113883.4.642.3.1216"],
      "sources" : ["2.16.840.1.113883.4.642.3.1216"],
      "uses" : {
      },
      "StructureDefinition-pl-base-contract.html" : "Contract (PL)"
    },
    {
      "url" : "http://hl7.org/fhir/ValueSet/contract-security-category",
      "version" : "4.0.1",
      "status" : "draft",
      "name" : "ContractResourceScopeCodes",
      "title" : "Contract Resource Scope codes",
      "description" : "This value set contract specific codes for security category.",
      "systems" : ["http://hl7.org/fhir/contract-security-category"],
      "oids" : ["2.16.840.1.113883.4.642.3.1220"],
      "sources" : ["2.16.840.1.113883.4.642.3.1220"],
      "uses" : {
      },
      "StructureDefinition-pl-base-contract.html" : "Contract (PL)"
    },
    {
      "url" : "http://hl7.org/fhir/ValueSet/contract-security-classification",
      "version" : "4.0.1",
      "status" : "draft",
      "name" : "ContractResourceScopeCodes",
      "title" : "Contract Resource Scope codes",
      "description" : "This value set contract specific codes for security classification.",
      "systems" : ["http://hl7.org/fhir/contract-security-classification"],
      "oids" : ["2.16.840.1.113883.4.642.3.1218"],
      "sources" : ["2.16.840.1.113883.4.642.3.1218"],
      "uses" : {
      },
      "StructureDefinition-pl-base-contract.html" : "Contract (PL)"
    },
    {
      "url" : "http://hl7.org/fhir/ValueSet/contract-security-control",
      "version" : "4.0.1",
      "status" : "draft",
      "name" : "ContractResourceSecurityControlCodes",
      "title" : "Contract Resource Security Control codes",
      "description" : "This value set contract specific codes for security control.",
      "systems" : ["http://hl7.org/fhir/contract-security-control"],
      "oids" : ["2.16.840.1.113883.4.642.3.1222"],
      "sources" : ["2.16.840.1.113883.4.642.3.1222"],
      "uses" : {
      },
      "StructureDefinition-pl-base-contract.html" : "Contract (PL)"
    },
    {
      "url" : "http://hl7.org/fhir/ValueSet/contract-signer-type",
      "version" : "4.0.1",
      "status" : "draft",
      "name" : "ContractSignerTypeCodes",
      "title" : "Contract Signer Type Codes",
      "description" : "This value set includes sample Contract Signer Type codes.",
      "systems" : [
        "http://terminology.hl7.org/CodeSystem/contractsignertypecodes"
      ],
      "oids" : ["2.16.840.1.113883.4.642.3.737"],
      "sources" : ["2.16.840.1.113883.4.642.3.737"],
      "uses" : {
      },
      "StructureDefinition-pl-base-contract.html" : "Contract (PL)"
    },
    {
      "url" : "http://hl7.org/fhir/ValueSet/contract-status",
      "version" : "4.0.1",
      "status" : "draft",
      "name" : "ContractResourceStatusCodes",
      "title" : "Contract Resource Status Codes",
      "description" : "This value set contract specific codes for status.",
      "systems" : ["http://hl7.org/fhir/contract-status"],
      "oids" : ["2.16.840.1.113883.4.642.3.743"],
      "sources" : ["2.16.840.1.113883.4.642.3.743"],
      "uses" : {
      },
      "StructureDefinition-pl-base-contract.html" : "Contract (PL)"
    },
    {
      "url" : "http://hl7.org/fhir/ValueSet/contract-subtype",
      "version" : "4.0.1",
      "status" : "draft",
      "name" : "ContractSubtypeCodes",
      "title" : "Contract Subtype Codes",
      "description" : "This value set includes sample Contract Subtype codes.",
      "systems" : ["http://terminology.hl7.org/CodeSystem/contractsubtypecodes"],
      "oids" : ["2.16.840.1.113883.4.642.3.731"],
      "sources" : ["2.16.840.1.113883.4.642.3.731"],
      "uses" : {
      },
      "StructureDefinition-pl-base-contract.html" : "Contract (PL)"
    },
    {
      "url" : "http://hl7.org/fhir/ValueSet/contract-term-subtype",
      "version" : "4.0.1",
      "status" : "draft",
      "name" : "ContractTermSubtypeCodes",
      "title" : "Contract Term Subtype Codes",
      "description" : "This value set includes sample Contract Term SubType codes.",
      "systems" : [
        "http://terminology.hl7.org/CodeSystem/contracttermsubtypecodes"
      ],
      "oids" : ["2.16.840.1.113883.4.642.3.735"],
      "sources" : ["2.16.840.1.113883.4.642.3.735"],
      "uses" : {
      },
      "StructureDefinition-pl-base-contract.html" : "Contract (PL)"
    },
    {
      "url" : "http://hl7.org/fhir/ValueSet/contract-term-type",
      "version" : "4.0.1",
      "status" : "draft",
      "name" : "ContractTermTypeCodes",
      "title" : "Contract Term Type Codes",
      "description" : "This value set includes sample Contract Term Type codes.",
      "systems" : [
        "http://terminology.hl7.org/CodeSystem/contracttermtypecodes"
      ],
      "oids" : ["2.16.840.1.113883.4.642.3.733"],
      "sources" : ["2.16.840.1.113883.4.642.3.733"],
      "uses" : {
      },
      "StructureDefinition-pl-base-contract.html" : "Contract (PL)"
    },
    {
      "url" : "http://hl7.org/fhir/ValueSet/contract-type",
      "version" : "4.0.1",
      "status" : "draft",
      "name" : "ContractTypeCodes",
      "title" : "Contract Type Codes",
      "description" : "This value set includes sample Contract Type codes.",
      "systems" : ["http://terminology.hl7.org/CodeSystem/contract-type"],
      "oids" : ["2.16.840.1.113883.4.642.3.729"],
      "sources" : ["2.16.840.1.113883.4.642.3.729"],
      "uses" : {
      },
      "StructureDefinition-pl-base-contract.html" : "Contract (PL)"
    },
    {
      "url" : "http://hl7.org/fhir/ValueSet/coverage-class",
      "version" : "4.0.1",
      "status" : "draft",
      "name" : "CoverageClassCodes",
      "title" : "Coverage Class Codes",
      "description" : "This value set includes Coverage Class codes.",
      "systems" : ["http://terminology.hl7.org/CodeSystem/coverage-class"],
      "oids" : ["2.16.840.1.113883.4.642.3.1009"],
      "sources" : ["2.16.840.1.113883.4.642.3.1009"],
      "uses" : {
      },
      "StructureDefinition-pl-base-coverage.html" : "Coverage (PL)"
    },
    {
      "url" : "http://hl7.org/fhir/ValueSet/coverage-copay-type",
      "version" : "4.0.1",
      "status" : "draft",
      "name" : "CoverageCopayTypeCodes",
      "title" : "Coverage Copay Type Codes",
      "description" : "This value set includes sample Coverage Copayment Type codes.",
      "systems" : ["http://terminology.hl7.org/CodeSystem/coverage-copay-type"],
      "oids" : ["2.16.840.1.113883.4.642.3.527"],
      "sources" : ["2.16.840.1.113883.4.642.3.527"],
      "uses" : {
      },
      "StructureDefinition-pl-base-coverage.html" : "Coverage (PL)"
    },
    {
      "url" : "http://hl7.org/fhir/ValueSet/coverage-financial-exception",
      "version" : "4.0.1",
      "status" : "draft",
      "name" : "ExampleCoverageFinancialExceptionCodes",
      "title" : "Example Coverage Financial Exception Codes",
      "description" : "This value set includes Example Coverage Financial Exception Codes.",
      "systems" : [
        "http://terminology.hl7.org/CodeSystem/ex-coverage-financial-exception"
      ],
      "oids" : ["2.16.840.1.113883.4.642.3.1328"],
      "sources" : ["2.16.840.1.113883.4.642.3.1328"],
      "uses" : {
      },
      "StructureDefinition-pl-base-coverage.html" : "Coverage (PL)"
    },
    {
      "url" : "http://hl7.org/fhir/ValueSet/coverage-type",
      "version" : "4.0.1",
      "status" : "draft",
      "name" : "CoverageTypeAndSelf-PayCodes",
      "title" : "Coverage Type and Self-Pay Codes",
      "description" : "This value set includes Coverage Type codes.",
      "systems" : [
        "http://terminology.hl7.org/CodeSystem/coverage-selfpay",
        "http://terminology.hl7.org/CodeSystem/v3-ActCode"
      ],
      "oids" : ["2.16.840.1.113883.4.642.3.520"],
      "sources" : ["2.16.840.1.113883.4.642.3.520"],
      "uses" : {
      },
      "StructureDefinition-pl-base-coverage.html" : "Coverage (PL)"
    },
    {
      "url" : "http://hl7.org/fhir/ValueSet/days-of-week",
      "version" : "4.0.1",
      "status" : "active",
      "name" : "DaysOfWeek",
      "title" : "DaysOfWeek",
      "description" : "The days of the week.",
      "systems" : ["http://hl7.org/fhir/days-of-week"],
      "oids" : ["2.16.840.1.113883.4.642.3.512"],
      "sources" : ["2.16.840.1.113883.4.642.3.512"],
      "uses" : {
      },
      "StructureDefinition-pl-base-location-medicalfacility.html" : "Location: Medical Facility (PL)",
      "StructureDefinition-pl-base-location-medicalfacilitytype.html" : "Location: Medical Facility Type (PL)",
      "StructureDefinition-pl-base-practitionerole-documentauthor.html" : "PractitionerRole: Author (PL)",
      "StructureDefinition-pl-base-practitionerrole.html" : "PractitionerRole (PL)",
      "StructureDefinition-pl-base-practitionerrole-servicerequester.html" : "PractitionerRole: Service Requester (PL)",
      "StructureDefinition-pl-base-location.html" : "Location (PL)",
      "StructureDefinition-pl-base-practitionerole-informationrecipient.html" : "PractitionerRole: Information Recipient (PL)"
    },
    {
      "url" : "http://hl7.org/fhir/ValueSet/diagnosis-role",
      "version" : "4.0.1",
      "status" : "draft",
      "name" : "DiagnosisRole",
      "title" : "DiagnosisRole",
      "description" : "This value set defines a set of codes that can be used to express the role of a diagnosis on the Encounter or EpisodeOfCare record.",
      "systems" : ["http://terminology.hl7.org/CodeSystem/diagnosis-role"],
      "oids" : ["2.16.840.1.113883.4.642.3.49"],
      "sources" : ["2.16.840.1.113883.4.642.3.49"],
      "uses" : {
      },
      "StructureDefinition-pl-base-encounter.html" : "Encounter (PL)"
    },
    {
      "url" : "http://hl7.org/fhir/ValueSet/doc-section-codes",
      "version" : "4.0.1",
      "status" : "draft",
      "name" : "DocumentSectionCodes",
      "title" : "Document Section Codes",
      "description" : "Document section codes (LOINC codes used in CCDA sections).",
      "systems" : ["http://loinc.org"],
      "oids" : ["2.16.840.1.113883.4.642.3.237"],
      "sources" : ["2.16.840.1.113883.4.642.3.237"],
      "uses" : {
      },
      "StructureDefinition-pl-base-composition.html" : "Composition (PL)"
    },
    {
      "url" : "http://hl7.org/fhir/ValueSet/doc-typecodes",
      "version" : "4.0.1",
      "status" : "draft",
      "name" : "FHIRDocumentTypeCodes",
      "title" : "FHIR Document Type Codes",
      "description" : "FHIR Document Codes - all LOINC codes where scale type = 'DOC'.",
      "systems" : ["http://loinc.org"],
      "oids" : ["2.16.840.1.113883.4.642.3.240"],
      "sources" : ["2.16.840.1.113883.4.642.3.240"],
      "uses" : {
      },
      "StructureDefinition-pl-base-composition.html" : "Composition (PL)"
    },
    {
      "url" : "http://hl7.org/fhir/ValueSet/document-relationship-type",
      "version" : "4.0.1",
      "status" : "draft",
      "name" : "DocumentRelationshipType",
      "title" : "DocumentRelationshipType",
      "description" : "The type of relationship between documents.",
      "systems" : ["http://hl7.org/fhir/document-relationship-type"],
      "oids" : ["2.16.840.1.113883.4.642.3.244"],
      "sources" : ["2.16.840.1.113883.4.642.3.244"],
      "uses" : {
      },
      "StructureDefinition-pl-base-composition.html" : "Composition (PL)"
    },
    {
      "url" : "http://hl7.org/fhir/ValueSet/encounter-admit-source",
      "version" : "4.0.1",
      "status" : "draft",
      "name" : "AdmitSource",
      "title" : "Admit source",
      "description" : "This value set defines a set of codes that can be used to indicate from where the patient came in.",
      "systems" : ["http://terminology.hl7.org/CodeSystem/admit-source"],
      "oids" : ["2.16.840.1.113883.4.642.3.257"],
      "sources" : ["2.16.840.1.113883.4.642.3.257"],
      "uses" : {
      },
      "StructureDefinition-pl-base-encounter.html" : "Encounter (PL)"
    },
    {
      "url" : "http://hl7.org/fhir/ValueSet/encounter-diet",
      "version" : "4.0.1",
      "status" : "draft",
      "name" : "Diet",
      "title" : "Diet",
      "description" : "This value set defines a set of codes that can be used to indicate dietary preferences or restrictions a patient may have.",
      "systems" : ["http://terminology.hl7.org/CodeSystem/diet"],
      "oids" : ["2.16.840.1.113883.4.642.3.255"],
      "sources" : ["2.16.840.1.113883.4.642.3.255"],
      "uses" : {
      },
      "StructureDefinition-pl-base-encounter.html" : "Encounter (PL)"
    },
    {
      "url" : "http://hl7.org/fhir/ValueSet/encounter-location-status",
      "version" : "4.0.1",
      "status" : "draft",
      "name" : "EncounterLocationStatus",
      "title" : "EncounterLocationStatus",
      "description" : "The status of the location.",
      "systems" : ["http://hl7.org/fhir/encounter-location-status"],
      "oids" : ["2.16.840.1.113883.4.642.3.262"],
      "sources" : ["2.16.840.1.113883.4.642.3.262"],
      "uses" : {
      },
      "StructureDefinition-pl-base-encounter.html" : "Encounter (PL)"
    },
    {
      "url" : "http://hl7.org/fhir/ValueSet/encounter-participant-type",
      "version" : "4.0.1",
      "status" : "draft",
      "name" : "ParticipantType",
      "title" : "Participant type",
      "description" : "This value set defines a set of codes that can be used to indicate how an individual participates in an encounter.",
      "systems" : [
        "http://terminology.hl7.org/CodeSystem/participant-type",
        "http://terminology.hl7.org/CodeSystem/v3-ParticipationType"
      ],
      "oids" : ["2.16.840.1.113883.4.642.3.250"],
      "sources" : ["2.16.840.1.113883.4.642.3.250"],
      "uses" : {
      },
      "StructureDefinition-pl-base-encounter.html" : "Encounter (PL)"
    },
    {
      "url" : "http://hl7.org/fhir/ValueSet/encounter-reason",
      "version" : "4.0.1",
      "status" : "draft",
      "name" : "EncounterReasonCodes",
      "title" : "Encounter Reason Codes",
      "description" : "This examples value set defines the set of codes that can be used to indicate reasons for an encounter.",
      "systems" : ["http://snomed.info/sct"],
      "oids" : ["2.16.840.1.113883.4.642.3.261"],
      "sources" : ["2.16.840.1.113883.4.642.3.261"],
      "uses" : {
      },
      "StructureDefinition-pl-base-encounter.html" : "Encounter (PL)"
    },
    {
      "url" : "http://hl7.org/fhir/ValueSet/encounter-special-arrangements",
      "version" : "4.0.1",
      "status" : "draft",
      "name" : "SpecialArrangements",
      "title" : "Special arrangements",
      "description" : "This value set defines a set of codes that can be used to indicate the kinds of special arrangements in place for a patients visit.",
      "systems" : [
        "http://terminology.hl7.org/CodeSystem/encounter-special-arrangements"
      ],
      "oids" : ["2.16.840.1.113883.4.642.3.253"],
      "sources" : ["2.16.840.1.113883.4.642.3.253"],
      "uses" : {
      },
      "StructureDefinition-pl-base-encounter.html" : "Encounter (PL)"
    },
    {
      "url" : "http://hl7.org/fhir/ValueSet/encounter-special-courtesy",
      "version" : "4.0.1",
      "status" : "draft",
      "name" : "SpecialCourtesy",
      "title" : "Special courtesy",
      "description" : "This value set defines a set of codes that can be used to indicate special courtesies provided to the patient.",
      "systems" : [
        "http://terminology.hl7.org/CodeSystem/v3-EncounterSpecialCourtesy",
        "http://terminology.hl7.org/CodeSystem/v3-NullFlavor"
      ],
      "oids" : ["2.16.840.1.113883.4.642.3.252"],
      "sources" : ["2.16.840.1.113883.4.642.3.252"],
      "uses" : {
      },
      "StructureDefinition-pl-base-encounter.html" : "Encounter (PL)"
    },
    {
      "url" : "http://hl7.org/fhir/ValueSet/encounter-status",
      "version" : "4.0.1",
      "status" : "draft",
      "name" : "EncounterStatus",
      "title" : "EncounterStatus",
      "description" : "Current state of the encounter.",
      "systems" : ["http://hl7.org/fhir/encounter-status"],
      "oids" : ["2.16.840.1.113883.4.642.3.246"],
      "sources" : ["2.16.840.1.113883.4.642.3.246"],
      "uses" : {
      },
      "StructureDefinition-pl-base-encounter.html" : "Encounter (PL)"
    },
    {
      "url" : "http://hl7.org/fhir/ValueSet/fm-status",
      "version" : "4.0.1",
      "status" : "draft",
      "name" : "FinancialResourceStatusCodes",
      "title" : "Financial Resource Status Codes",
      "description" : "This value set includes Status codes.",
      "systems" : ["http://hl7.org/fhir/fm-status"],
      "oids" : ["2.16.840.1.113883.4.642.3.592"],
      "sources" : ["2.16.840.1.113883.4.642.3.592"],
      "uses" : {
      },
      "StructureDefinition-pl-base-coverage.html" : "Coverage (PL)"
    },
    {
      "url" : "http://hl7.org/fhir/ValueSet/identifier-type",
      "version" : "4.0.1",
      "status" : "active",
      "name" : "Identifier Type Codes",
      "title" : "IdentifierType",
      "description" : "A coded type for an identifier that can be used to determine which identifier to use for a specific purpose.",
      "systems" : ["http://terminology.hl7.org/CodeSystem/v2-0203"],
      "oids" : ["2.16.840.1.113883.4.642.3.45"],
      "sources" : ["2.16.840.1.113883.4.642.3.45"],
      "uses" : {
      },
      "StructureDefinition-practitionerrole-reimbursementcontractidentifier.html" : "PractitionerRole: Reimbursement Contract Identifier",
      "StructureDefinition-composition-payoridentifier.html" : "Composition: Payor Identifier",
      "StructureDefinition-pl-base-location-medicalfacility.html" : "Location: Medical Facility (PL)",
      "StructureDefinition-pl-base-organization-medicalentitycell.html" : "Organization: Medical Entity Cell (PL)",
      "StructureDefinition-pl-base-patient.html" : "Patient (PL)",
      "StructureDefinition-pl-base-organization-medicalpracticeserviceentity.html" : "Organization: Medical Practice Service Entity (PL)",
      "StructureDefinition-pl-base-organization-medicalentityunit.html" : "Organization: Medical Entity Unit (PL)",
      "StructureDefinition-pl-base-practitionerole-documentauthor.html" : "PractitionerRole: Author (PL)",
      "StructureDefinition-pl-base-practitioner.html" : "Practitioner (PL)",
      "StructureDefinition-pl-base-organization-medicalentity.html" : "Organization: MedicalProvider (PL)",
      "StructureDefinition-pl-base-reference-medicalentity.html" : "Reference: Medical Entity (PL)",
      "StructureDefinition-pl-base-practitionerole-informationrecipient.html" : "PractitionerRole: Information Recipient (PL)",
      "StructureDefinition-pl-base-reference-medicalentitycompany.html" : "Reference: Medical Entity Company (PL)",
      "StructureDefinition-pl-base-composition.html" : "Composition (PL)",
      "StructureDefinition-pl-base-organization-pharmacy.html" : "Organization: Pharmacy (PL)",
      "StructureDefinition-pl-base-reference-medicalentityunit.html" : "Reference: Medical Entity Unit (PL)"
    },
    {
      "url" : "http://hl7.org/fhir/ValueSet/identifier-use",
      "version" : "4.0.1",
      "status" : "active",
      "name" : "IdentifierUse",
      "title" : "IdentifierUse",
      "description" : "Identifies the purpose for this identifier, if known .",
      "systems" : ["http://hl7.org/fhir/identifier-use"],
      "oids" : ["2.16.840.1.113883.4.642.3.57"],
      "sources" : ["2.16.840.1.113883.4.642.3.57"],
      "uses" : {
      },
      "StructureDefinition-practitionerrole-reimbursementcontractidentifier.html" : "PractitionerRole: Reimbursement Contract Identifier",
      "StructureDefinition-composition-payoridentifier.html" : "Composition: Payor Identifier",
      "StructureDefinition-pl-base-location-medicalfacility.html" : "Location: Medical Facility (PL)",
      "StructureDefinition-pl-base-organization-medicalentitycell.html" : "Organization: Medical Entity Cell (PL)",
      "StructureDefinition-pl-base-patient.html" : "Patient (PL)",
      "StructureDefinition-pl-base-organization-medicalpracticeserviceentity.html" : "Organization: Medical Practice Service Entity (PL)",
      "StructureDefinition-pl-base-organization-medicalentityunit.html" : "Organization: Medical Entity Unit (PL)",
      "StructureDefinition-pl-base-practitionerole-documentauthor.html" : "PractitionerRole: Author (PL)",
      "StructureDefinition-pl-base-practitioner.html" : "Practitioner (PL)",
      "StructureDefinition-pl-base-organization-medicalentity.html" : "Organization: MedicalProvider (PL)",
      "StructureDefinition-pl-base-reference-medicalentity.html" : "Reference: Medical Entity (PL)",
      "StructureDefinition-pl-base-practitionerole-informationrecipient.html" : "PractitionerRole: Information Recipient (PL)",
      "StructureDefinition-pl-base-reference-medicalentitycompany.html" : "Reference: Medical Entity Company (PL)",
      "StructureDefinition-pl-base-composition.html" : "Composition (PL)",
      "StructureDefinition-pl-base-organization-pharmacy.html" : "Organization: Pharmacy (PL)",
      "StructureDefinition-pl-base-reference-medicalentityunit.html" : "Reference: Medical Entity Unit (PL)"
    },
    {
      "url" : "http://hl7.org/fhir/ValueSet/iso3166-1-2",
      "version" : "4.0.1",
      "status" : "active",
      "name" : "Iso3166-1-2",
      "title" : "Iso 3166 Part 1: 2 Letter Codes",
      "description" : "This value set defines the ISO 3166 Part 1 2-letter codes",
      "systems" : ["urn:iso:std:iso:3166"],
      "uses" : {
      },
      "StructureDefinition-pl-base-address.html" : "Address (PL)"
    },
    {
      "url" : "http://hl7.org/fhir/ValueSet/iso3166-1-3",
      "version" : "4.0.1",
      "status" : "active",
      "name" : "Iso3166-1-3",
      "title" : "Iso 3166 Part 1: 3 Letter Codes",
      "description" : "This value set defines the ISO 3166 Part 1 3-letter codes",
      "systems" : ["urn:iso:std:iso:3166"],
      "uses" : {
      },
      "StructureDefinition-address-isoalpha3countrycode.html" : "Address: ISO Alpha-3 Country Code"
    },
    {
      "url" : "http://hl7.org/fhir/ValueSet/iso3166-1-N",
      "version" : "4.0.1",
      "status" : "active",
      "name" : "Iso3166-1-N",
      "title" : "Iso 3166 Part 1: Numeric Codes",
      "description" : "This value set defines the ISO 3166 Part 1 Numeric codes",
      "systems" : ["urn:iso:std:iso:3166"],
      "uses" : {
      },
      "StructureDefinition-address-isonumericcountrycode.html" : "Address: ISO Numeric Country Code"
    },
    {
      "url" : "http://hl7.org/fhir/ValueSet/languages",
      "version" : "4.0.1",
      "status" : "draft",
      "name" : "CommonLanguages",
      "title" : "Common Languages",
      "description" : "This value set includes common codes from BCP-47 (http://tools.ietf.org/html/bcp47)",
      "systems" : ["urn:ietf:bcp:47"],
      "oids" : ["2.16.840.1.113883.4.642.3.20"],
      "sources" : ["2.16.840.1.113883.4.642.3.20"],
      "uses" : {
      },
      "StructureDefinition-pl-base-encounter.html" : "Encounter (PL)",
      "StructureDefinition-pl-base-location-medicalfacility.html" : "Location: Medical Facility (PL)",
      "StructureDefinition-pl-base-organization-medicalentitycell.html" : "Organization: Medical Entity Cell (PL)",
      "StructureDefinition-pl-base-patient.html" : "Patient (PL)",
      "StructureDefinition-pl-base-organization-medicalpracticeserviceentity.html" : "Organization: Medical Practice Service Entity (PL)",
      "StructureDefinition-pl-base-organization-medicalentityunit.html" : "Organization: Medical Entity Unit (PL)",
      "StructureDefinition-pl-base-practitionerole-documentauthor.html" : "PractitionerRole: Author (PL)",
      "StructureDefinition-pl-base-practitionerrole.html" : "PractitionerRole (PL)",
      "StructureDefinition-pl-base-practitionerrole-servicerequester.html" : "PractitionerRole: Service Requester (PL)",
      "StructureDefinition-pl-base-practitioner.html" : "Practitioner (PL)",
      "StructureDefinition-pl-base-organization-medicalentity.html" : "Organization: MedicalProvider (PL)",
      "StructureDefinition-pl-base-coverage.html" : "Coverage (PL)",
      "StructureDefinition-pl-base-location.html" : "Location (PL)",
      "StructureDefinition-pl-base-organization-payor.html" : "Organization: Payor (PL)",
      "StructureDefinition-pl-base-practitionerole-informationrecipient.html" : "PractitionerRole: Information Recipient (PL)",
      "StructureDefinition-pl-base-servicerequest-order.html" : "Service Request: Order (PL)",
      "StructureDefinition-pl-base-organization.html" : "Organization (PL)",
      "StructureDefinition-pl-base-location-medicalfacilitytype.html" : "Location: Medical Facility Type (PL)",
      "StructureDefinition-pl-base-contract.html" : "Contract (PL)",
      "StructureDefinition-pl-base-organization-pharmacy.html" : "Organization: Pharmacy (PL)"
    },
    {
      "url" : "http://hl7.org/fhir/ValueSet/link-type",
      "version" : "4.0.1",
      "status" : "active",
      "name" : "LinkType",
      "title" : "LinkType",
      "description" : "The type of link between this patient resource and another patient resource.",
      "systems" : ["http://hl7.org/fhir/link-type"],
      "oids" : ["2.16.840.1.113883.4.642.3.423"],
      "sources" : ["2.16.840.1.113883.4.642.3.423"],
      "uses" : {
      },
      "StructureDefinition-pl-base-patient.html" : "Patient (PL)"
    },
    {
      "url" : "http://hl7.org/fhir/ValueSet/list-empty-reason",
      "version" : "4.0.1",
      "status" : "draft",
      "name" : "ListEmptyReasons",
      "title" : "List Empty Reasons",
      "description" : "General reasons for a list to be empty. Reasons are either related to a summary list (i.e. problem or medication list) or to a workflow related list (i.e. consultation list).",
      "systems" : ["http://terminology.hl7.org/CodeSystem/list-empty-reason"],
      "oids" : ["2.16.840.1.113883.4.642.3.322"],
      "sources" : ["2.16.840.1.113883.4.642.3.322"],
      "uses" : {
      },
      "StructureDefinition-pl-base-composition.html" : "Composition (PL)"
    },
    {
      "url" : "http://hl7.org/fhir/ValueSet/list-mode",
      "version" : "4.0.1",
      "status" : "draft",
      "name" : "ListMode",
      "title" : "ListMode",
      "description" : "The processing mode that applies to this list.",
      "systems" : ["http://hl7.org/fhir/list-mode"],
      "oids" : ["2.16.840.1.113883.4.642.3.318"],
      "sources" : ["2.16.840.1.113883.4.642.3.318"],
      "uses" : {
      },
      "StructureDefinition-pl-base-composition.html" : "Composition (PL)"
    },
    {
      "url" : "http://hl7.org/fhir/ValueSet/list-order",
      "version" : "4.0.1",
      "status" : "draft",
      "name" : "ListOrderCodes",
      "title" : "List Order Codes",
      "description" : "Base values for the order of the items in a list resource.",
      "systems" : ["http://terminology.hl7.org/CodeSystem/list-order"],
      "oids" : ["2.16.840.1.113883.4.642.3.324"],
      "sources" : ["2.16.840.1.113883.4.642.3.324"],
      "uses" : {
      },
      "StructureDefinition-pl-base-composition.html" : "Composition (PL)"
    },
    {
      "url" : "http://hl7.org/fhir/ValueSet/location-mode",
      "version" : "4.0.1",
      "status" : "draft",
      "name" : "LocationMode",
      "title" : "LocationMode",
      "description" : "Indicates whether a resource instance represents a specific location or a class of locations.",
      "systems" : ["http://hl7.org/fhir/location-mode"],
      "oids" : ["2.16.840.1.113883.4.642.3.330"],
      "sources" : ["2.16.840.1.113883.4.642.3.330"],
      "uses" : {
      },
      "StructureDefinition-pl-base-location-medicalfacility.html" : "Location: Medical Facility (PL)",
      "StructureDefinition-pl-base-location-medicalfacilitytype.html" : "Location: Medical Facility Type (PL)",
      "StructureDefinition-pl-base-location.html" : "Location (PL)"
    },
    {
      "url" : "http://hl7.org/fhir/ValueSet/location-physical-type",
      "version" : "4.0.1",
      "status" : "draft",
      "name" : "LocationType",
      "title" : "Location type",
      "description" : "This example value set defines a set of codes that can be used to indicate the physical form of the Location.",
      "systems" : [
        "http://terminology.hl7.org/CodeSystem/location-physical-type"
      ],
      "oids" : ["2.16.840.1.113883.4.642.3.328"],
      "sources" : ["2.16.840.1.113883.4.642.3.328"],
      "uses" : {
      },
      "StructureDefinition-pl-base-encounter.html" : "Encounter (PL)",
      "StructureDefinition-pl-base-location-medicalfacility.html" : "Location: Medical Facility (PL)",
      "StructureDefinition-pl-base-location-medicalfacilitytype.html" : "Location: Medical Facility Type (PL)",
      "StructureDefinition-pl-base-location.html" : "Location (PL)"
    },
    {
      "url" : "http://hl7.org/fhir/ValueSet/location-status",
      "version" : "4.0.1",
      "status" : "draft",
      "name" : "LocationStatus",
      "title" : "LocationStatus",
      "description" : "Indicates whether the location is still in use.",
      "systems" : ["http://hl7.org/fhir/location-status"],
      "oids" : ["2.16.840.1.113883.4.642.3.332"],
      "sources" : ["2.16.840.1.113883.4.642.3.332"],
      "uses" : {
      },
      "StructureDefinition-pl-base-location-medicalfacility.html" : "Location: Medical Facility (PL)",
      "StructureDefinition-pl-base-location-medicalfacilitytype.html" : "Location: Medical Facility Type (PL)",
      "StructureDefinition-pl-base-location.html" : "Location (PL)"
    },
    {
      "url" : "http://hl7.org/fhir/ValueSet/marital-status",
      "version" : "4.0.1",
      "status" : "active",
      "name" : "Marital Status Codes",
      "title" : "MaritalStatus",
      "description" : "This value set defines the set of codes that can be used to indicate the marital status of a person.",
      "systems" : [
        "http://terminology.hl7.org/CodeSystem/v3-MaritalStatus",
        "http://terminology.hl7.org/CodeSystem/v3-NullFlavor"
      ],
      "oids" : ["2.16.840.1.113883.4.642.3.29"],
      "sources" : ["2.16.840.1.113883.4.642.3.29"],
      "uses" : {
      },
      "StructureDefinition-pl-base-patient.html" : "Patient (PL)"
    },
    {
      "url" : "http://hl7.org/fhir/ValueSet/medication-as-needed-reason",
      "version" : "4.0.1",
      "status" : "draft",
      "name" : "SNOMEDCTMedicationAsNeededReasonCodes",
      "title" : "SNOMED CT Medication As Needed Reason Codes",
      "description" : "This value set includes all clinical findings from SNOMED CT - provided as an exemplar value set.",
      "systems" : ["http://snomed.info/sct"],
      "oids" : ["2.16.840.1.113883.4.642.3.96"],
      "sources" : ["2.16.840.1.113883.4.642.3.96"],
      "uses" : {
      },
      "StructureDefinition-pl-base-servicerequest-order.html" : "Service Request: Order (PL)"
    },
    {
      "url" : "http://hl7.org/fhir/ValueSet/name-use",
      "version" : "4.0.1",
      "status" : "active",
      "name" : "NameUse",
      "title" : "NameUse",
      "description" : "The use of a human name.",
      "systems" : ["http://hl7.org/fhir/name-use"],
      "oids" : ["2.16.840.1.113883.4.642.3.65"],
      "sources" : ["2.16.840.1.113883.4.642.3.65"],
      "uses" : {
      },
      "StructureDefinition-pl-base-patient.html" : "Patient (PL)"
    },
    {
      "url" : "http://hl7.org/fhir/ValueSet/organization-type",
      "version" : "4.0.1",
      "status" : "draft",
      "name" : "OrganizationType",
      "title" : "Organization type",
      "description" : "This example value set defines a set of codes that can be used to indicate a type of organization.",
      "systems" : ["http://terminology.hl7.org/CodeSystem/organization-type"],
      "oids" : ["2.16.840.1.113883.4.642.3.414"],
      "sources" : ["2.16.840.1.113883.4.642.3.414"],
      "uses" : {
      },
      "StructureDefinition-pl-base-organization.html" : "Organization (PL)",
      "StructureDefinition-pl-base-organization-medicalentitycell.html" : "Organization: Medical Entity Cell (PL)",
      "StructureDefinition-pl-base-organization-medicalpracticeserviceentity.html" : "Organization: Medical Practice Service Entity (PL)",
      "StructureDefinition-pl-base-organization-medicalentityunit.html" : "Organization: Medical Entity Unit (PL)",
      "StructureDefinition-pl-base-organization-pharmacy.html" : "Organization: Pharmacy (PL)",
      "StructureDefinition-pl-base-organization-medicalentity.html" : "Organization: MedicalProvider (PL)",
      "StructureDefinition-pl-base-organization-payor.html" : "Organization: Payor (PL)"
    },
    {
      "url" : "http://hl7.org/fhir/ValueSet/participant-role",
      "version" : "4.0.1",
      "status" : "draft",
      "name" : "ParticipantRoles",
      "title" : "Participant Roles",
      "description" : "Roles of participants that may be included in a care team.  Defined as: Is a Person, Healthcare professional (occupation) or Healthcare related organization (qualifier value).",
      "systems" : ["http://snomed.info/sct"],
      "oids" : ["2.16.840.1.113883.4.642.3.152"],
      "sources" : ["2.16.840.1.113883.4.642.3.152"],
      "uses" : {
      },
      "StructureDefinition-pl-base-servicerequest-order.html" : "Service Request: Order (PL)"
    },
    {
      "url" : "http://hl7.org/fhir/ValueSet/patient-contactrelationship",
      "version" : "4.0.1",
      "status" : "active",
      "name" : "PatientContactRelationship",
      "title" : "Patient Contact Relationship ",
      "description" : "The nature of the relationship between the patient and the contact person.",
      "systems" : ["http://terminology.hl7.org/CodeSystem/v2-0131"],
      "oids" : ["2.16.840.1.113883.4.642.3.1130"],
      "sources" : ["2.16.840.1.113883.4.642.3.1130"],
      "uses" : {
      },
      "StructureDefinition-pl-base-patient.html" : "Patient (PL)"
    },
    {
      "url" : "http://hl7.org/fhir/ValueSet/practitioner-role",
      "version" : "4.0.1",
      "status" : "draft",
      "name" : "PractitionerRole",
      "title" : "Practitioner role",
      "description" : "This example value set defines a set of codes that can be used to indicate the role of a Practitioner.",
      "systems" : [
        "http://terminology.hl7.org/CodeSystem/practitioner-role",
        "http://snomed.info/sct"
      ],
      "oids" : ["2.16.840.1.113883.4.642.3.439"],
      "sources" : ["2.16.840.1.113883.4.642.3.439"],
      "uses" : {
      },
      "StructureDefinition-pl-base-practitionerrole.html" : "PractitionerRole (PL)",
      "StructureDefinition-pl-base-practitionerrole-servicerequester.html" : "PractitionerRole: Service Requester (PL)"
    },
    {
      "url" : "http://hl7.org/fhir/ValueSet/procedure-code",
      "version" : "4.0.1",
      "status" : "draft",
      "name" : "ProcedureCodes(SNOMEDCT)",
      "title" : "Procedure Codes (SNOMED CT)",
      "description" : "Procedure Code: All SNOMED CT procedure codes.",
      "systems" : ["http://snomed.info/sct"],
      "oids" : ["2.16.840.1.113883.4.642.3.427"],
      "sources" : ["2.16.840.1.113883.4.642.3.427"],
      "uses" : {
      },
      "StructureDefinition-pl-base-servicerequest-order.html" : "Service Request: Order (PL)"
    },
    {
      "url" : "http://hl7.org/fhir/ValueSet/procedure-reason",
      "version" : "4.0.1",
      "status" : "draft",
      "name" : "ProcedureReasonCodes",
      "title" : "Procedure Reason Codes",
      "description" : "This example value set defines the set of codes that can be used to indicate a reason for a procedure.",
      "systems" : ["http://snomed.info/sct"],
      "oids" : ["2.16.840.1.113883.4.642.3.432"],
      "sources" : ["2.16.840.1.113883.4.642.3.432"],
      "uses" : {
      },
      "StructureDefinition-pl-base-servicerequest-order.html" : "Service Request: Order (PL)"
    },
    {
      "url" : "http://hl7.org/fhir/ValueSet/provenance-agent-role",
      "version" : "4.0.1",
      "status" : "draft",
      "name" : "ProvenanceParticipantRole",
      "title" : "Provenance participant role",
      "description" : "The role that a provenance participant played",
      "systems" : ["http://hl7.org/fhir/provenance-participant-role"],
      "oids" : ["2.16.840.1.113883.4.642.3.1305"],
      "sources" : ["2.16.840.1.113883.4.642.3.1305"],
      "uses" : {
      },
      "StructureDefinition-pl-base-contract.html" : "Contract (PL)"
    },
    {
      "url" : "http://hl7.org/fhir/ValueSet/provenance-agent-type",
      "version" : "4.0.1",
      "status" : "draft",
      "name" : "ProvenanceParticipantType",
      "title" : "Provenance participant type",
      "description" : "The type of participation a provenance participant.",
      "systems" : [
        "http://terminology.hl7.org/CodeSystem/provenance-participant-type"
      ],
      "oids" : ["2.16.840.1.113883.4.642.3.1003"],
      "sources" : ["2.16.840.1.113883.4.642.3.1003"],
      "uses" : {
      },
      "StructureDefinition-pl-base-contract.html" : "Contract (PL)"
    },
    {
      "url" : "http://hl7.org/fhir/ValueSet/request-intent",
      "version" : "4.0.1",
      "status" : "draft",
      "name" : "RequestIntent",
      "title" : "RequestIntent",
      "description" : "Codes indicating the degree of authority/intentionality associated with a request.",
      "systems" : ["http://hl7.org/fhir/request-intent"],
      "oids" : ["2.16.840.1.113883.4.642.3.113"],
      "sources" : ["2.16.840.1.113883.4.642.3.113"],
      "uses" : {
      },
      "StructureDefinition-pl-base-servicerequest-order.html" : "Service Request: Order (PL)"
    },
    {
      "url" : "http://hl7.org/fhir/ValueSet/request-priority",
      "version" : "4.0.1",
      "status" : "draft",
      "name" : "RequestPriority",
      "title" : "Request priority",
      "description" : "The clinical priority of a diagnostic order.",
      "systems" : ["http://hl7.org/fhir/request-priority"],
      "oids" : ["2.16.840.1.113883.4.642.3.115"],
      "sources" : ["2.16.840.1.113883.4.642.3.115"],
      "uses" : {
      },
      "StructureDefinition-pl-base-servicerequest-order.html" : "Service Request: Order (PL)"
    },
    {
      "url" : "http://hl7.org/fhir/ValueSet/request-status",
      "version" : "4.0.1",
      "status" : "draft",
      "name" : "RequestStatus",
      "title" : "RequestStatus",
      "description" : "Codes identifying the lifecycle stage of a request.",
      "systems" : ["http://hl7.org/fhir/request-status"],
      "oids" : ["2.16.840.1.113883.4.642.3.111"],
      "sources" : ["2.16.840.1.113883.4.642.3.111"],
      "uses" : {
      },
      "StructureDefinition-pl-base-servicerequest-order.html" : "Service Request: Order (PL)"
    },
    {
      "url" : "http://hl7.org/fhir/ValueSet/resource-types",
      "version" : "4.0.1",
      "status" : "active",
      "name" : "ResourceType",
      "title" : "ResourceType",
      "description" : "One of the resource types defined as part of this version of FHIR.",
      "systems" : ["http://hl7.org/fhir/resource-types"],
      "oids" : ["2.16.840.1.113883.4.642.3.27"],
      "sources" : ["2.16.840.1.113883.4.642.3.27"],
      "uses" : {
      },
      "StructureDefinition-pl-base-reference-medicalpractice.html" : "Reference: Medical Practice (PL)",
      "StructureDefinition-pl-base-reference-medicalentity.html" : "Reference: Medical Entity (PL)",
      "StructureDefinition-pl-base-reference-medicalentityunit.html" : "Reference: Medical Entity Unit (PL)",
      "StructureDefinition-pl-base-reference-medicalentitycompany.html" : "Reference: Medical Entity Company (PL)"
    },
    {
      "url" : "http://hl7.org/fhir/ValueSet/service-type",
      "version" : "4.0.1",
      "status" : "draft",
      "name" : "ServiceType",
      "title" : "Service type",
      "description" : "This value set defines an example set of codes of service-types.",
      "systems" : ["http://terminology.hl7.org/CodeSystem/service-type"],
      "oids" : ["2.16.840.1.113883.4.642.3.518"],
      "sources" : ["2.16.840.1.113883.4.642.3.518"],
      "uses" : {
      },
      "StructureDefinition-pl-base-encounter.html" : "Encounter (PL)"
    },
    {
      "url" : "http://hl7.org/fhir/ValueSet/servicerequest-category",
      "version" : "4.0.1",
      "status" : "draft",
      "name" : "ServiceRequestCategoryCodes",
      "title" : "Service Request Category Codes",
      "description" : "An example value set of SNOMED CT concepts that can classify a requested service",
      "systems" : ["http://snomed.info/sct"],
      "oids" : ["2.16.840.1.113883.4.642.3.434"],
      "sources" : ["2.16.840.1.113883.4.642.3.434"],
      "uses" : {
      },
      "StructureDefinition-pl-base-servicerequest-order.html" : "Service Request: Order (PL)"
    },
    {
      "url" : "http://hl7.org/fhir/ValueSet/servicerequest-orderdetail",
      "version" : "4.0.1",
      "status" : "draft",
      "name" : "ServiceRequestOrderDetailsCodes",
      "title" : "Service Request Order Details Codes",
      "description" : "An example value set of Codified order entry details concepts.  These concepts only make sense in the context of what is being ordered.  This example is for a patient ventilation order",
      "systems" : ["http://snomed.info/sct"],
      "oids" : ["2.16.840.1.113883.4.642.3.435"],
      "sources" : ["2.16.840.1.113883.4.642.3.435"],
      "uses" : {
      },
      "StructureDefinition-pl-base-servicerequest-order.html" : "Service Request: Order (PL)"
    },
    {
      "url" : "http://hl7.org/fhir/ValueSet/subscriber-relationship",
      "version" : "4.0.1",
      "status" : "draft",
      "name" : "SubscriberRelationshipCodes",
      "title" : "SubscriberPolicyholder Relationship Codes",
      "description" : "This value set includes codes for the relationship between the Subscriber and the Beneficiary (insured/covered party/patient).",
      "systems" : [
        "http://terminology.hl7.org/CodeSystem/subscriber-relationship"
      ],
      "oids" : ["2.16.840.1.113883.4.642.3.1385"],
      "sources" : ["2.16.840.1.113883.4.642.3.1385"],
      "uses" : {
      },
      "StructureDefinition-pl-base-coverage.html" : "Coverage (PL)"
    },
    {
      "url" : "http://terminology.hl7.org/ValueSet/v2-0092",
      "version" : "2.0.0",
      "status" : "active",
      "name" : "Hl7VSReAdmissionIndicator",
      "title" : "hl7VS-re-admissionIndicator",
      "description" : "Value Set of codes which are used to specify that a patient is being re-admitted to a healthcare facility from which they were discharged, and indicates the circumstances around such re-admission.",
      "systems" : ["http://terminology.hl7.org/CodeSystem/v2-0092"],
      "oids" : ["2.16.840.1.113883.21.40"],
      "sources" : ["2.16.840.1.113883.21.40"],
      "uses" : {
      },
      "StructureDefinition-pl-base-encounter.html" : "Encounter (PL)"
    },
    {
      "url" : "http://terminology.hl7.org/ValueSet/v2-0116",
      "version" : "2.0.0",
      "status" : "active",
      "name" : "Hl7VSBedStatus",
      "title" : "hl7VS-bedStatus",
      "description" : "Value Set of codes that specify the state of a bed in an inpatient setting, and is used to determine if a patient may be assigned to it or not.",
      "systems" : ["http://terminology.hl7.org/CodeSystem/v2-0116"],
      "oids" : ["2.16.840.1.113883.21.51"],
      "sources" : ["2.16.840.1.113883.21.51"],
      "uses" : {
      },
      "StructureDefinition-pl-base-location-medicalfacility.html" : "Location: Medical Facility (PL)",
      "StructureDefinition-pl-base-location-medicalfacilitytype.html" : "Location: Medical Facility Type (PL)",
      "StructureDefinition-pl-base-location.html" : "Location (PL)"
    },
    {
      "url" : "http://terminology.hl7.org/ValueSet/v2-2.7-0360",
      "version" : "0360",
      "status" : "active",
      "name" : "v2.0360.2.7",
      "title" : "v2 table 0360, Version 2.7",
      "description" : "FHIR Value set/code system definition for HL7 v2 table 0360 ver 2.9 ( Degree/License/Certificate)",
      "systems" : ["http://terminology.hl7.org/CodeSystem/v2-0360|2.7"],
      "uses" : {
      },
      "StructureDefinition-pl-base-practitioner.html" : "Practitioner (PL)"
    },
    {
      "url" : "http://terminology.hl7.org/ValueSet/v3-ActCode",
      "version" : "3.0.0",
      "status" : "active",
      "name" : "ActCode",
      "title" : "v3 Code System ActCode",
      "description" : "A code specifying the particular kind of Act that the Act-instance represents within its class.  Constraints:\r\nThe kind of Act (e.g. physical examination, serum potassium, inpatient encounter, charge financial transaction, etc.) is specified with a code from one of several, typically external, coding systems.  The coding system will depend on the class of Act, such as LOINC for observations, etc. Conceptually, the Act.code must be a specialization of the Act.classCode. This is why the structure of ActClass domain should be reflected in the superstructure of the ActCode domain and then individual codes or externally referenced vocabularies subordinated under these domains that reflect the ActClass structure. Act.classCode and Act.code are not modifiers of each other but the Act.code concept should really imply the Act.classCode concept. For a negative example, it is not appropriate to use an Act.code \"potassium\" together with and Act.classCode for \"laboratory observation\" to somehow mean \"potassium laboratory observation\" and then use the same Act.code for \"potassium\" together with Act.classCode for \"medication\" to mean \"substitution of potassium\". This mutually modifying use of Act.code and Act.classCode is not permitted.",
      "systems" : ["http://terminology.hl7.org/CodeSystem/v3-ActCode"],
      "uses" : {
      },
      "StructureDefinition-pl-base-composition.html" : "Composition (PL)"
    },
    {
      "url" : "http://terminology.hl7.org/ValueSet/v3-ActConsentDirective",
      "version" : "3.0.0",
      "status" : "active",
      "name" : "ActConsentDirective",
      "title" : "ActConsentDirective",
      "description" : "ActConsentDirective codes are used to specify the type of Consent Directive to which a Consent Directive Act conforms.",
      "systems" : ["http://terminology.hl7.org/CodeSystem/v3-ActCode"],
      "oids" : ["2.16.840.1.113883.1.11.20425"],
      "sources" : ["2.16.840.1.113883.1.11.20425"],
      "uses" : {
      },
      "StructureDefinition-pl-base-contract.html" : "Contract (PL)"
    },
    {
      "url" : "http://terminology.hl7.org/ValueSet/v3-ActEncounterCode",
      "version" : "3.0.0",
      "status" : "active",
      "name" : "ActEncounterCode",
      "title" : "ActEncounterCode",
      "description" : "Domain provides codes that qualify the ActEncounterClass (ENC)",
      "systems" : ["http://terminology.hl7.org/CodeSystem/v3-ActCode"],
      "oids" : ["2.16.840.1.113883.1.11.13955"],
      "sources" : ["2.16.840.1.113883.1.11.13955"],
      "uses" : {
      },
      "StructureDefinition-pl-base-encounter.html" : "Encounter (PL)"
    },
    {
      "url" : "http://terminology.hl7.org/ValueSet/v3-ActPriority",
      "version" : "3.0.0",
      "status" : "active",
      "name" : "ActPriority",
      "title" : "ActPriority",
      "description" : "A code or set of codes (e.g., for routine, emergency,) specifying the urgency under which the Act happened, can happen, is happening, is intended to happen, or is requested/demanded to happen.\r\n\r\n*Discussion:* This attribute is used in orders to indicate the ordered priority, and in event documentation it indicates the actual priority used to perform the act. In definition mood it indicates the available priorities.",
      "systems" : ["http://terminology.hl7.org/CodeSystem/v3-ActPriority"],
      "oids" : ["2.16.840.1.113883.1.11.16866"],
      "sources" : ["2.16.840.1.113883.1.11.16866"],
      "uses" : {
      },
      "StructureDefinition-pl-base-encounter.html" : "Encounter (PL)"
    },
    {
      "url" : "http://terminology.hl7.org/ValueSet/v3-PurposeOfUse",
      "version" : "3.1.0",
      "status" : "active",
      "name" : "PurposeOfUse",
      "title" : "PurposeOfUse",
      "description" : "Supports communication of purpose of use at a general level.",
      "systems" : ["http://terminology.hl7.org/CodeSystem/v3-ActReason"],
      "oids" : ["2.16.840.1.113883.1.11.20448"],
      "sources" : ["2.16.840.1.113883.1.11.20448"],
      "uses" : {
      },
      "StructureDefinition-pl-base-contract.html" : "Contract (PL)"
    },
    {
      "url" : "http://terminology.hl7.org/ValueSet/v3-ServiceDeliveryLocationRoleType",
      "version" : "3.0.0",
      "status" : "active",
      "name" : "ServiceDeliveryLocationRoleType",
      "title" : "ServiceDeliveryLocationRoleType",
      "description" : "A role of a place that further classifies the setting (e.g., accident site, road side, work site, community location) in which services are delivered.",
      "systems" : ["http://terminology.hl7.org/CodeSystem/v3-RoleCode"],
      "oids" : ["2.16.840.1.113883.1.11.17660"],
      "sources" : ["2.16.840.1.113883.1.11.17660"],
      "uses" : {
      },
      "StructureDefinition-pl-base-servicerequest-order.html" : "Service Request: Order (PL)",
      "StructureDefinition-pl-base-location-medicalfacility.html" : "Location: Medical Facility (PL)",
      "StructureDefinition-pl-base-location-medicalfacilitytype.html" : "Location: Medical Facility Type (PL)",
      "StructureDefinition-pl-base-location.html" : "Location (PL)"
    }
  ]
}
