{
  "codeSystems" : [
    {
      "url" : "http://hl7.org.pl/fhir/ig/pl-base/ValueSet/pl-confidentiality",
      "version" : "0.1.0",
      "status" : "draft",
      "name" : "PLConfidentiality",
      "title" : "Confidentiality code (PL)",
      "description" : "Kod poufności dokumentu",
      "systems" : ["http://terminology.hl7.org/CodeSystem/v3-Confidentiality"]
    },
    {
      "url" : "http://hl7.org.pl/fhir/ig/pl-base/ValueSet/pl-discharge-disposition",
      "version" : "0.1.0",
      "status" : "draft",
      "name" : "PLDischargeDisposition",
      "title" : "Discharge disposition code (PL)",
      "description" : "Tryb wypisu ze szpitala",
      "systems" : ["urn:oid:2.16.840.1.113883.3.4424.11.3.21"]
    },
    {
      "url" : "http://hl7.org.pl/fhir/ig/pl-base/ValueSet/pl-document-language",
      "version" : "0.1.0",
      "status" : "draft",
      "name" : "PLDocumentLanguage",
      "title" : "Document Language (PL)",
      "description" : "Dopuszczalny język dokumentu medycznego w Polsce",
      "systems" : ["urn:ietf:bcp:47"]
    },
    {
      "url" : "http://hl7.org.pl/fhir/ig/pl-base/ValueSet/pl-organization-cell-type",
      "version" : "0.1.0",
      "status" : "draft",
      "name" : "PLOrganizationCellType",
      "title" : "Organization Cell Type (PL)",
      "description" : "Specjalności komórek organizacyjnych (cz. VIII kodu resortowego)"
    },
    {
      "url" : "http://hl7.org.pl/fhir/ig/pl-base/ValueSet/pl-p1-document-class-type",
      "version" : "0.1.0",
      "status" : "draft",
      "name" : "PLP1DocumentClassType",
      "title" : "P1 Document Classification Type (PL)",
      "description" : "Typ dokumentu według klasyfikacji typów dokumentów na platfomie P1"
    },
    {
      "url" : "http://hl7.org.pl/fhir/ig/pl-base/ValueSet/pl-practitioner-role",
      "version" : "0.1.0",
      "status" : "draft",
      "name" : "PLPractitionerRole",
      "title" : "Practitioner role (PL)",
      "description" : "Zawód medyczny",
      "systems" : ["urn:oid:2.16.840.1.113883.3.4424.11.3.18"]
    },
    {
      "url" : "http://hl7.org.pl/fhir/ig/pl-base/ValueSet/pl-practitioner-specialty",
      "version" : "0.1.0",
      "status" : "draft",
      "name" : "PLPractitionerSpecialty",
      "title" : "Practitioner specialty (PL)",
      "description" : "Specjalność lekarska"
    },
    {
      "url" : "http://hl7.org.pl/fhir/ig/pl-base/ValueSet/pl-service-event-type",
      "version" : "0.1.0",
      "status" : "draft",
      "name" : "PLServiceEventType",
      "title" : "Service event type (PL)",
      "description" : "Typ usługi medycznego według ICD-9 PL"
    }
  ]
}
