<?xml version="1.0" encoding="UTF-8"?>

<ValueSet xmlns="http://hl7.org/fhir">
  <id value="pl-service-event-type"/>
  <text>
    <status value="generated"/><div xmlns="http://www.w3.org/1999/xhtml"><p class="res-header-id"><b>Generated Narrative: ValueSet pl-service-event-type</b></p><a name="pl-service-event-type"> </a><a name="hcpl-service-event-type"> </a><p>This value set includes codes based on the following rules:</p><ul/></div>
  </text>
  <url value="http://hl7.org.pl/fhir/ig/pl-base/ValueSet/pl-service-event-type"/>
  <version value="0.1.0"/>
  <name value="PLServiceEventType"/>
  <title value="Service event type (PL)"/>
  <status value="draft"/>
  <date value="2025-06-17T16:22:21+02:00"/>
  <publisher value="HL7 Poland"/>
  <contact>
    <name value="HL7 Poland"/>
    <telecom>
      <system value="url"/>
      <value value="http://hl7.org.pl"/>
    </telecom>
  </contact>
  <description value="Typ usługi medycznego według ICD-9 PL"/>
</ValueSet>