{
  "codeSystems" : [
    {
      "url" : "http://hl7.org.pl/fhir/ig/pl-base/ValueSet/pl-confidentiality",
      "version" : "0.1.0",
      "status" : "draft",
      "name" : "PLConfidentiality",
      "title" : "Confidentiality code (PL)",
      "description" : "Kod poufności dokumentu",
      "systems" : ["http://terminology.hl7.org/CodeSystem/v3-Confidentiality"],
      "uses" : {
      },
      "StructureDefinition-pl-base-composition.html" : "Composition (PL)"
    },
    {
      "url" : "http://hl7.org.pl/fhir/ig/pl-base/ValueSet/pl-discharge-disposition",
      "version" : "0.1.0",
      "status" : "draft",
      "name" : "PLDischargeDisposition",
      "title" : "Discharge disposition code (PL)",
      "description" : "Tryb wypisu ze szpitala",
      "systems" : ["urn:oid:2.16.840.1.113883.3.4424.11.3.21"],
      "uses" : {
      },
      "StructureDefinition-pl-base-encounter.html" : "Encounter (PL)"
    },
    {
      "url" : "http://hl7.org.pl/fhir/ig/pl-base/ValueSet/pl-document-language",
      "version" : "0.1.0",
      "status" : "draft",
      "name" : "PLDocumentLanguage",
      "title" : "Document Language (PL)",
      "description" : "Dopuszczalny język dokumentu medycznego w Polsce",
      "systems" : ["urn:ietf:bcp:47"],
      "uses" : {
      },
      "StructureDefinition-pl-base-composition.html" : "Composition (PL)"
    },
    {
      "url" : "http://hl7.org.pl/fhir/ig/pl-base/ValueSet/pl-organization-cell-type",
      "version" : "0.1.0",
      "status" : "draft",
      "name" : "PLOrganizationCellType",
      "title" : "Organization Cell Type (PL)",
      "description" : "Specjalności komórek organizacyjnych (cz. VIII kodu resortowego)",
      "uses" : {
      },
      "StructureDefinition-pl-base-encounter.html" : "Encounter (PL)"
    },
    {
      "url" : "http://hl7.org.pl/fhir/ig/pl-base/ValueSet/pl-p1-document-class-type",
      "version" : "0.1.0",
      "status" : "draft",
      "name" : "PLP1DocumentClassType",
      "title" : "P1 Document Classification Type (PL)",
      "description" : "Typ dokumentu według klasyfikacji typów dokumentów na platfomie P1",
      "uses" : {
      },
      "StructureDefinition-pl-base-composition.html" : "Composition (PL)"
    },
    {
      "url" : "http://hl7.org.pl/fhir/ig/pl-base/ValueSet/pl-practitioner-role",
      "version" : "0.1.0",
      "status" : "draft",
      "name" : "PLPractitionerRole",
      "title" : "Practitioner role (PL)",
      "description" : "Zawód medyczny",
      "systems" : ["urn:oid:2.16.840.1.113883.3.4424.11.3.18"],
      "uses" : {
      },
      "StructureDefinition-pl-base-practitionerole-documentauthor.html" : "PractitionerRole: Author (PL)",
      "StructureDefinition-pl-base-practitionerole-informationrecipient.html" : "PractitionerRole: Information Recipient (PL)"
    },
    {
      "url" : "http://hl7.org.pl/fhir/ig/pl-base/ValueSet/pl-practitioner-specialty",
      "version" : "0.1.0",
      "status" : "draft",
      "name" : "PLPractitionerSpecialty",
      "title" : "Practitioner specialty (PL)",
      "description" : "Specjalność lekarska",
      "uses" : {
      },
      "StructureDefinition-pl-base-practitionerole-documentauthor.html" : "PractitionerRole: Author (PL)",
      "StructureDefinition-pl-base-practitionerole-informationrecipient.html" : "PractitionerRole: Information Recipient (PL)"
    },
    {
      "url" : "http://hl7.org.pl/fhir/ig/pl-base/ValueSet/pl-service-event-type",
      "version" : "0.1.0",
      "status" : "draft",
      "name" : "PLServiceEventType",
      "title" : "Service event type (PL)",
      "description" : "Typ usługi medycznego według ICD-9 PL",
      "uses" : {
      },
      "StructureDefinition-pl-base-composition.html" : "Composition (PL)"
    },
    {
      "url" : "http://hl7.org/fhir/ValueSet/doc-typecodes",
      "version" : "4.0.1",
      "status" : "draft",
      "name" : "FHIRDocumentTypeCodes",
      "title" : "FHIR Document Type Codes",
      "description" : "FHIR Document Codes - all LOINC codes where scale type = 'DOC'.",
      "systems" : ["http://loinc.org"],
      "oids" : ["2.16.840.1.113883.4.642.3.240"],
      "sources" : ["2.16.840.1.113883.4.642.3.240"],
      "uses" : {
      },
      "StructureDefinition-pl-base-composition.html" : "Composition (PL)"
    },
    {
      "url" : "http://hl7.org/fhir/ValueSet/iso3166-1-3",
      "version" : "4.0.1",
      "status" : "active",
      "name" : "Iso3166-1-3",
      "title" : "Iso 3166 Part 1: 3 Letter Codes",
      "description" : "This value set defines the ISO 3166 Part 1 3-letter codes",
      "systems" : ["urn:iso:std:iso:3166"],
      "uses" : {
      },
      "StructureDefinition-address-isoalpha3countrycode.html" : "Address: ISO Alpha-3 Country Code"
    },
    {
      "url" : "http://hl7.org/fhir/ValueSet/iso3166-1-N",
      "version" : "4.0.1",
      "status" : "active",
      "name" : "Iso3166-1-N",
      "title" : "Iso 3166 Part 1: Numeric Codes",
      "description" : "This value set defines the ISO 3166 Part 1 Numeric codes",
      "systems" : ["urn:iso:std:iso:3166"],
      "uses" : {
      },
      "StructureDefinition-address-isonumericcountrycode.html" : "Address: ISO Numeric Country Code"
    }
  ]
}
