<?xml version="1.0" encoding="UTF-8"?>

<ValueSet xmlns="http://hl7.org/fhir">
  <id value="pl-discharge-disposition"/>
  <text>
    <status value="generated"/><div xmlns="http://www.w3.org/1999/xhtml"><p class="res-header-id"><b>Generated Narrative: ValueSet pl-discharge-disposition</b></p><a name="pl-discharge-disposition"> </a><a name="hcpl-discharge-disposition"> </a><ul><li>Include these codes as defined in <code>urn:oid:2.16.840.1.113883.3.4424.11.3.21</code><table class="none"><tr><td style="white-space:nowrap"><b>Code</b></td><td><b>Display</b></td></tr><tr><td>1</td><td>zakończenie procesu terapeutycznego lub diagnostycznego</td></tr><tr><td>2</td><td>skierowanie do dalszego leczenia w lecznictwie ambulatoryjnym</td></tr><tr><td>3</td><td>skierowanie do dalszego leczenia w innym szpitalu</td></tr><tr><td>4</td><td>skierowanie do dalszego leczenia w innym niż szpital, zakładzie opieki stacjonarnej</td></tr><tr><td>6</td><td>wypisanie na własne żądanie</td></tr><tr><td>7</td><td>osoba leczona samowolnie opuściła zakład opieki stacjonarnej przed zakończeniem procesu terapeutycznego lub diagnostycznego</td></tr><tr><td>8</td><td>wypisanie na podstawie art. 22 ust. 1 pkt 3 ustawy o zakładach opieki zdrowotnej</td></tr><tr><td>9</td><td>zgon pacjenta</td></tr><tr><td>10</td><td>osoba leczona, przyjęta w trybie oznaczonym kodem „9” lub „10”, która samowolnie opuściła podmiot leczniczy</td></tr><tr><td>11</td><td>wypisanie na podstawie art. 46 albo 47 ustawy z dnia 22 listopada 2013 r.</td></tr></table></li></ul></div>
  </text>
  <url value="http://hl7.org.pl/fhir/ig/pl-base/ValueSet/pl-discharge-disposition"/>
  <version value="0.1.0"/>
  <name value="PLDischargeDisposition"/>
  <title value="Discharge disposition code (PL)"/>
  <status value="draft"/>
  <date value="2025-06-17T16:22:21+02:00"/>
  <publisher value="HL7 Poland"/>
  <contact>
    <name value="HL7 Poland"/>
    <telecom>
      <system value="url"/>
      <value value="http://hl7.org.pl"/>
    </telecom>
  </contact>
  <description value="Tryb wypisu ze szpitala"/>
  <compose>
    <include>
      <system value="urn:oid:2.16.840.1.113883.3.4424.11.3.21"/>
      <concept>
        <code value="1"/>
        <display value="zakończenie procesu terapeutycznego lub diagnostycznego"/>
      </concept>
      <concept>
        <code value="2"/>
        <display value="skierowanie do dalszego leczenia w lecznictwie ambulatoryjnym"/>
      </concept>
      <concept>
        <code value="3"/>
        <display value="skierowanie do dalszego leczenia w innym szpitalu"/>
      </concept>
      <concept>
        <code value="4"/>
        <display value="skierowanie do dalszego leczenia w innym niż szpital, zakładzie opieki stacjonarnej"/>
      </concept>
      <concept>
        <code value="6"/>
        <display value="wypisanie na własne żądanie"/>
      </concept>
      <concept>
        <code value="7"/>
        <display value="osoba leczona samowolnie opuściła zakład opieki stacjonarnej przed zakończeniem procesu terapeutycznego lub diagnostycznego"/>
      </concept>
      <concept>
        <code value="8"/>
        <display value="wypisanie na podstawie art. 22 ust. 1 pkt 3 ustawy o zakładach opieki zdrowotnej"/>
      </concept>
      <concept>
        <code value="9"/>
        <display value="zgon pacjenta"/>
      </concept>
      <concept>
        <code value="10"/>
        <display value="osoba leczona, przyjęta w trybie oznaczonym kodem „9” lub „10”, która samowolnie opuściła podmiot leczniczy"/>
      </concept>
      <concept>
        <code value="11"/>
        <display value="wypisanie na podstawie art. 46 albo 47 ustawy z dnia 22 listopada 2013 r."/>
      </concept>
    </include>
  </compose>
</ValueSet>