URL,Version,Status,OIDs,Name,Title,Descriptino,Uses,Used,Sources
http://hl7.org.pl/fhir/ig/pl-base/ValueSet/pl-confidentiality,0.1.0,draft,,PLConfidentiality,Confidentiality code (PL),"Kod poufności dokumentu",,"THO (V3)"
http://hl7.org.pl/fhir/ig/pl-base/ValueSet/pl-discharge-disposition,0.1.0,draft,,PLDischargeDisposition,Discharge disposition code (PL),"Tryb wypisu ze szpitala",,"Other"
http://hl7.org.pl/fhir/ig/pl-base/ValueSet/pl-document-language,0.1.0,draft,,PLDocumentLanguage,Document Language (PL),"Dopuszczalny język dokumentu medycznego w Polsce",,"hl7.terminology.r4"
http://hl7.org.pl/fhir/ig/pl-base/ValueSet/pl-organization-cell-type,0.1.0,draft,,PLOrganizationCellType,Organization Cell Type (PL),"Specjalności komórek organizacyjnych (cz. VIII kodu resortowego)",,
http://hl7.org.pl/fhir/ig/pl-base/ValueSet/pl-p1-document-class-type,0.1.0,draft,,PLP1DocumentClassType,P1 Document Classification Type (PL),"Typ dokumentu według klasyfikacji typów dokumentów na platfomie P1",,
http://hl7.org.pl/fhir/ig/pl-base/ValueSet/pl-practitioner-role,0.1.0,draft,,PLPractitionerRole,Practitioner role (PL),"Zawód medyczny",,"Other"
http://hl7.org.pl/fhir/ig/pl-base/ValueSet/pl-practitioner-specialty,0.1.0,draft,,PLPractitionerSpecialty,Practitioner specialty (PL),"Specjalność lekarska",,
http://hl7.org.pl/fhir/ig/pl-base/ValueSet/pl-service-event-type,0.1.0,draft,,PLServiceEventType,Service event type (PL),"Typ usługi medycznego według ICD-9 PL",,
