<?xml version="1.0" encoding="UTF-8"?>

<ValueSet xmlns="http://hl7.org/fhir">
  <id value="pl-practitioner-role"/>
  <text>
    <status value="generated"/><div xmlns="http://www.w3.org/1999/xhtml"><p class="res-header-id"><b>Generated Narrative: ValueSet pl-practitioner-role</b></p><a name="pl-practitioner-role"> </a><a name="hcpl-practitioner-role"> </a><ul><li>Include these codes as defined in <code>urn:oid:2.16.840.1.113883.3.4424.11.3.18</code><table class="none"><tr><td style="white-space:nowrap"><b>Code</b></td><td><b>Display</b></td></tr><tr><td>LEK</td><td>Lekarz</td></tr><tr><td>#FEL</td><td>Felczer</td></tr><tr><td>LEKD</td><td>Lekarz dentysta</td></tr><tr><td>PIEL</td><td>Pielęgniarka</td></tr><tr><td>POL</td><td>Położna</td></tr><tr><td>FARM</td><td>Farmaceuta</td></tr><tr><td>DLAB</td><td>Diagnosta laboratoryjny</td></tr><tr><td>TFARM</td><td>Technik farmaceutyczny</td></tr></table></li></ul></div>
  </text>
  <url value="http://hl7.org.pl/fhir/ig/pl-base/ValueSet/pl-practitioner-role"/>
  <version value="0.1.0"/>
  <name value="PLPractitionerRole"/>
  <title value="Practitioner role (PL)"/>
  <status value="draft"/>
  <date value="2025-06-17T16:22:21+02:00"/>
  <publisher value="HL7 Poland"/>
  <contact>
    <name value="HL7 Poland"/>
    <telecom>
      <system value="url"/>
      <value value="http://hl7.org.pl"/>
    </telecom>
  </contact>
  <description value="Zawód medyczny"/>
  <compose>
    <include>
      <system value="urn:oid:2.16.840.1.113883.3.4424.11.3.18"/>
      <concept>
        <code value="LEK"/>
        <display value="Lekarz"/>
      </concept>
      <concept>
        <code value="#FEL"/>
        <display value="Felczer"/>
      </concept>
      <concept>
        <code value="LEKD"/>
        <display value="Lekarz dentysta"/>
      </concept>
      <concept>
        <code value="PIEL"/>
        <display value="Pielęgniarka"/>
      </concept>
      <concept>
        <code value="POL"/>
        <display value="Położna"/>
      </concept>
      <concept>
        <code value="FARM"/>
        <display value="Farmaceuta"/>
      </concept>
      <concept>
        <code value="DLAB"/>
        <display value="Diagnosta laboratoryjny"/>
      </concept>
      <concept>
        <code value="TFARM"/>
        <display value="Technik farmaceutyczny"/>
      </concept>
    </include>
  </compose>
</ValueSet>