{
  "resourceType" : "ValueSet",
  "id" : "pl-discharge-disposition",
  "text" : {
    "status" : "generated",
    "div" : "<div xmlns=\"http://www.w3.org/1999/xhtml\"><p class=\"res-header-id\"><b>Generated Narrative: ValueSet pl-discharge-disposition</b></p><a name=\"pl-discharge-disposition\"> </a><a name=\"hcpl-discharge-disposition\"> </a><ul><li>Include these codes as defined in <code>urn:oid:2.16.840.1.113883.3.4424.11.3.21</code><table class=\"none\"><tr><td style=\"white-space:nowrap\"><b>Code</b></td><td><b>Display</b></td></tr><tr><td>1</td><td>zakończenie procesu terapeutycznego lub diagnostycznego</td></tr><tr><td>2</td><td>skierowanie do dalszego leczenia w lecznictwie ambulatoryjnym</td></tr><tr><td>3</td><td>skierowanie do dalszego leczenia w innym szpitalu</td></tr><tr><td>4</td><td>skierowanie do dalszego leczenia w innym niż szpital, zakładzie opieki stacjonarnej</td></tr><tr><td>6</td><td>wypisanie na własne żądanie</td></tr><tr><td>7</td><td>osoba leczona samowolnie opuściła zakład opieki stacjonarnej przed zakończeniem procesu terapeutycznego lub diagnostycznego</td></tr><tr><td>8</td><td>wypisanie na podstawie art. 22 ust. 1 pkt 3 ustawy o zakładach opieki zdrowotnej</td></tr><tr><td>9</td><td>zgon pacjenta</td></tr><tr><td>10</td><td>osoba leczona, przyjęta w trybie oznaczonym kodem „9” lub „10”, która samowolnie opuściła podmiot leczniczy</td></tr><tr><td>11</td><td>wypisanie na podstawie art. 46 albo 47 ustawy z dnia 22 listopada 2013 r.</td></tr></table></li></ul></div>"
  },
  "url" : "http://hl7.org.pl/fhir/ig/pl-base/ValueSet/pl-discharge-disposition",
  "version" : "0.1.0",
  "name" : "PLDischargeDisposition",
  "title" : "Discharge disposition code (PL)",
  "status" : "draft",
  "date" : "2025-06-17T16:22:21+02:00",
  "publisher" : "HL7 Poland",
  "contact" : [{
    "name" : "HL7 Poland",
    "telecom" : [{
      "system" : "url",
      "value" : "http://hl7.org.pl"
    }]
  }],
  "description" : "Tryb wypisu ze szpitala",
  "compose" : {
    "include" : [{
      "system" : "urn:oid:2.16.840.1.113883.3.4424.11.3.21",
      "concept" : [{
        "code" : "1",
        "display" : "zakończenie procesu terapeutycznego lub diagnostycznego"
      },
      {
        "code" : "2",
        "display" : "skierowanie do dalszego leczenia w lecznictwie ambulatoryjnym"
      },
      {
        "code" : "3",
        "display" : "skierowanie do dalszego leczenia w innym szpitalu"
      },
      {
        "code" : "4",
        "display" : "skierowanie do dalszego leczenia w innym niż szpital, zakładzie opieki stacjonarnej"
      },
      {
        "code" : "6",
        "display" : "wypisanie na własne żądanie"
      },
      {
        "code" : "7",
        "display" : "osoba leczona samowolnie opuściła zakład opieki stacjonarnej przed zakończeniem procesu terapeutycznego lub diagnostycznego"
      },
      {
        "code" : "8",
        "display" : "wypisanie na podstawie art. 22 ust. 1 pkt 3 ustawy o zakładach opieki zdrowotnej"
      },
      {
        "code" : "9",
        "display" : "zgon pacjenta"
      },
      {
        "code" : "10",
        "display" : "osoba leczona, przyjęta w trybie oznaczonym kodem „9” lub „10”, która samowolnie opuściła podmiot leczniczy"
      },
      {
        "code" : "11",
        "display" : "wypisanie na podstawie art. 46 albo 47 ustawy z dnia 22 listopada 2013 r."
      }]
    }]
  }
}