{
  "resourceType" : "ValueSet",
  "id" : "pl-document-language",
  "text" : {
    "status" : "generated",
    "div" : "<div xmlns=\"http://www.w3.org/1999/xhtml\"><p class=\"res-header-id\"><b>Generated Narrative: ValueSet pl-document-language</b></p><a name=\"pl-document-language\"> </a><a name=\"hcpl-document-language\"> </a><ul><li>Include these codes as defined in <a href=\"http://terminology.hl7.org/6.2.0/CodeSystem-v3-ietf3066.html\"><code>urn:ietf:bcp:47</code></a><table class=\"none\"><tr><td style=\"white-space:nowrap\"><b>Code</b></td><td><b>Display</b></td></tr><tr><td>en-GB</td><td>British English</td></tr><tr><td>en-US</td><td>American English</td></tr><tr><td>pl-PL</td><td>Polish</td></tr></table></li></ul></div>"
  },
  "url" : "http://hl7.org.pl/fhir/ig/pl-base/ValueSet/pl-document-language",
  "version" : "0.1.0",
  "name" : "PLDocumentLanguage",
  "title" : "Document Language (PL)",
  "status" : "draft",
  "date" : "2025-06-17T16:22:21+02:00",
  "publisher" : "HL7 Poland",
  "contact" : [{
    "name" : "HL7 Poland",
    "telecom" : [{
      "system" : "url",
      "value" : "http://hl7.org.pl"
    }]
  }],
  "description" : "Dopuszczalny język dokumentu medycznego w Polsce",
  "compose" : {
    "include" : [{
      "system" : "urn:ietf:bcp:47",
      "concept" : [{
        "code" : "en-GB",
        "display" : "British English"
      },
      {
        "code" : "en-US",
        "display" : "American English"
      },
      {
        "code" : "pl-PL",
        "display" : "Polish"
      }]
    }]
  }
}